sample_id,group_id,split
0,0,test
1,1,validation
2,2,validation
3,3,validation
4,4,validation
5,5,validation
6,6,validation
7,7,test
8,8,test
9,9,validation
10,10,validation
11,11,validation
12,12,test
13,13,test
14,14,test
15,15,validation
16,16,validation
17,17,validation
18,18,test
19,19,validation
20,20,test
21,21,validation
22,22,validation
23,23,test
24,24,validation
25,25,test
26,26,validation
27,27,validation
28,28,validation
29,29,test
30,30,test
31,31,validation
32,32,test
33,33,validation
34,34,validation
35,35,validation
36,36,validation
37,37,test
38,38,validation
39,39,test
40,40,validation
41,41,validation
42,42,validation
43,43,test
44,44,test
45,45,test
46,46,validation
47,47,validation
48,48,test
49,49,test
50,50,validation
51,51,test
52,52,test
53,53,validation
54,54,validation
55,55,validation
56,56,test
57,57,test
58,58,validation
59,59,test
60,60,validation
61,61,test
62,62,validation
63,63,test
64,64,validation
65,65,test
66,66,validation
67,67,test
68,68,validation
69,69,test
70,70,test
71,71,test
72,72,validation
73,73,test
74,74,validation
75,75,validation
76,76,test
77,77,validation
78,78,test
79,79,validation
80,80,test
81,81,validation
82,82,validation
83,83,test
84,84,test
85,85,test
86,84,validation
87,86,test
88,87,test
89,88,validation
90,89,validation
91,90,test
92,91,validation
93,92,test
94,93,validation
95,92,validation
96,94,test
97,95,validation
98,96,validation
99,94,test
100,94,test
101,97,validation
102,98,test
103,99,validation
104,100,test
105,101,test
106,102,validation
107,103,validation
108,104,test
109,105,test
110,106,validation
111,16,test
112,107,validation
113,108,validation
114,109,validation
115,110,test
116,111,validation
117,112,validation
118,113,test
119,114,validation
120,115,test
121,116,test
122,117,validation
123,118,test
124,84,test
125,119,validation
126,120,validation
127,121,validation
128,122,test
129,123,validation
130,124,validation
131,125,validation
132,126,test
133,127,validation
134,128,test
135,129,test
136,130,validation
137,131,validation
138,132,validation
139,133,test
140,134,validation
141,135,test
142,136,test
143,137,validation
144,138,test
145,139,validation
146,140,validation
147,141,validation
148,142,validation
149,143,test
150,144,validation
151,145,test
152,146,test
153,147,validation
154,148,validation
155,149,validation
156,150,test
157,151,test
158,152,test
159,153,test
160,154,validation
161,155,validation
162,156,test
163,157,test
164,158,validation
165,159,validation
166,160,test
167,161,validation
168,162,test
169,163,test
170,164,test
171,165,validation
172,166,validation
173,167,test
174,168,test
175,169,test
176,170,validation
177,171,test
178,172,test
179,173,test
180,174,validation
181,175,validation
182,176,validation
183,177,test
184,99,test
185,178,test
186,179,validation
187,180,validation
188,181,test
189,182,validation
190,183,validation
191,184,test
192,185,test
193,186,validation
194,185,test
195,187,test
196,188,test
197,189,validation
198,190,test
199,191,test
200,192,validation
201,193,validation
202,194,validation
203,195,test
204,196,validation
205,197,test
206,198,validation
207,199,test
208,200,test
209,201,test
210,202,test
211,203,test
212,204,test
213,205,test
214,206,validation
215,207,validation
216,208,validation
217,209,validation
218,210,test
219,210,test
220,210,test
221,210,test
222,210,test
223,210,validation
224,210,validation
225,210,validation
226,210,test
227,210,test
228,210,validation
229,210,test
230,210,test
231,210,test
232,210,validation
233,210,test
234,210,validation
235,211,validation
236,212,validation
237,213,test
238,214,test
239,215,test
240,216,test
241,217,validation
242,218,validation
243,219,validation
244,220,validation
245,221,validation
246,222,test
247,223,test
248,224,validation
249,225,validation
250,226,validation
251,227,test
252,228,test
253,229,validation
254,230,test
255,231,validation
256,232,test
257,233,test
258,234,validation
259,235,test
260,236,validation
261,237,test
262,238,validation
263,239,test
264,240,validation
265,241,validation
266,242,test
267,243,validation
268,244,validation
269,245,test
270,246,test
271,247,validation
272,248,test
273,204,test
274,249,validation
275,250,test
276,251,test
277,252,test
278,253,test
279,254,test
280,255,validation
281,256,test
282,257,test
283,258,test
284,259,validation
285,260,validation
286,261,test
287,262,test
288,263,test
289,264,test
290,265,test
291,266,test
292,267,validation
293,268,validation
294,269,test
295,270,validation
296,271,test
297,272,test
298,273,test
299,274,test
300,275,test
301,276,validation
302,277,validation
303,278,test
304,279,test
305,280,test
306,281,test
307,282,test
308,283,test
309,284,test
310,285,validation
311,286,test
312,287,validation
313,288,test
314,289,test
315,290,test
316,291,test
317,292,validation
318,293,test
319,294,validation
320,295,validation
321,296,test
322,297,test
323,298,validation
324,263,test
325,263,test
326,299,validation
327,300,validation
328,301,test
329,302,validation
330,303,validation
331,304,test
332,304,test
333,305,validation
334,306,validation
335,307,validation
336,308,validation
337,309,validation
338,310,validation
339,311,validation
340,312,test
341,313,validation
342,314,test
343,315,test
344,316,test
345,317,validation
346,318,validation
347,319,test
348,320,test
349,321,test
350,322,test
351,323,test
352,324,test
353,325,test
354,326,test
355,327,validation
356,328,validation
357,321,validation
358,329,test
359,330,validation
360,331,test
361,332,test
362,333,validation
363,296,validation
364,334,validation
365,335,test
366,336,test
367,337,test
368,338,test
369,339,validation
370,340,validation
371,341,validation
372,342,validation
373,343,validation
374,344,test
375,345,validation
376,346,validation
377,347,test
378,307,validation
379,348,validation
380,349,test
381,350,test
382,263,test
383,71,test
384,307,validation
385,351,validation
386,352,test
387,353,test
388,354,validation
389,304,validation
390,355,validation
391,356,validation
392,357,validation
393,358,test
394,359,test
395,360,validation
396,361,validation
397,362,validation
398,363,validation
399,364,validation
400,365,validation
401,366,validation
402,367,test
403,368,validation
404,369,validation
405,370,validation
406,371,test
407,372,test
408,373,test
409,374,test
410,375,test
411,374,test
412,376,validation
413,377,validation
414,378,test
415,379,test
416,380,test
417,381,validation
418,382,validation
419,383,validation
420,384,test
421,385,test
422,386,test
423,387,test
424,388,test
425,389,test
426,374,test
427,390,test
428,391,validation
429,392,test
430,393,test
431,394,validation
432,395,test
433,396,test
434,397,validation
435,398,test
436,399,test
437,400,validation
438,401,test
439,402,test
440,403,test
441,404,validation
442,405,validation
443,406,test
444,407,test
445,408,test
446,409,validation
447,410,test
448,411,validation
449,412,test
450,413,test
451,414,validation
452,415,validation
453,416,test
454,417,validation
455,81,validation
456,418,test
457,419,test
458,420,test
459,421,validation
460,422,test
461,423,test
462,424,test
463,425,test
464,425,test
465,426,validation
466,427,validation
467,428,validation
468,429,validation
469,430,validation
470,431,validation
471,432,test
472,433,test
473,434,validation
474,435,validation
475,436,validation
476,92,validation
477,437,validation
478,438,test
479,439,test
480,440,test
481,441,validation
482,442,test
483,443,test
484,444,validation
485,445,test
486,446,test
487,447,validation
488,448,validation
489,449,test
490,450,validation
491,451,test
492,452,validation
493,453,validation
494,454,test
495,455,test
496,456,validation
497,457,test
498,307,test
499,458,validation
500,459,test
501,460,validation
502,461,validation
503,462,test
504,463,validation
505,464,validation
506,465,test
507,466,test
508,467,test
509,468,test
510,469,validation
511,470,test
512,471,validation
513,472,validation
514,473,test
515,474,validation
516,475,validation
517,476,validation
518,477,test
519,478,test
520,479,validation
521,480,test
522,481,test
523,482,validation
524,483,validation
525,484,validation
526,485,test
527,486,test
528,487,test
529,488,test
530,474,test
531,474,validation
532,489,test
533,490,test
534,474,test
535,491,test
536,492,validation
537,493,validation
538,494,test
539,495,validation
540,430,validation
541,496,validation
542,497,test
543,498,test
544,499,test
545,500,validation
546,501,validation
547,502,test
548,503,test
549,504,test
550,505,validation
551,506,validation
552,507,test
553,508,test
554,509,test
555,510,test
556,511,test
557,512,test
558,513,validation
559,514,validation
560,515,validation
561,516,test
562,517,validation
563,518,validation
564,519,test
565,520,test
566,521,validation
567,522,test
568,523,test
569,326,validation
570,524,test
571,525,test
572,526,test
573,443,test
574,527,validation
575,528,test
576,529,validation
577,443,validation
578,530,validation
579,531,test
580,532,validation
581,533,test
582,348,test
583,534,test
584,535,validation
585,536,test
586,537,validation
587,538,validation
588,539,test
589,540,validation
590,541,test
591,541,test
592,542,validation
593,543,validation
594,544,test
595,545,validation
596,546,test
597,547,test
598,548,test
599,549,test
600,475,validation
601,550,test
602,551,test
603,552,validation
604,553,test
605,554,test
606,555,validation
607,556,test
608,557,validation
609,558,validation
610,559,test
611,560,test
612,561,test
613,562,test
614,563,validation
615,564,validation
616,454,validation
617,565,test
618,566,test
619,567,validation
620,568,test
621,568,test
622,569,validation
623,570,validation
624,571,validation
625,572,validation
626,573,test
627,574,validation
628,575,validation
629,576,test
630,577,test
631,578,validation
632,579,test
633,580,validation
634,581,test
635,582,validation
636,583,test
637,584,test
638,585,validation
639,586,validation
640,587,validation
641,588,validation
642,589,test
643,590,test
644,591,test
645,592,validation
646,593,validation
647,594,test
648,594,validation
649,595,test
650,596,test
651,597,test
652,598,validation
653,599,validation
654,600,test
655,590,test
656,601,validation
657,602,test
658,603,validation
659,604,validation
660,605,validation
661,606,validation
662,607,test
663,608,validation
664,609,test
665,610,validation
666,611,validation
667,612,validation
668,613,test
669,614,validation
670,615,test
671,616,validation
672,617,test
673,618,validation
674,619,test
675,620,validation
676,621,test
677,622,test
678,623,test
679,624,test
680,625,test
681,626,validation
682,627,validation
683,626,validation
684,628,validation
685,629,test
686,630,test
687,631,validation
688,632,validation
689,633,validation
690,634,test
691,635,test
692,636,validation
693,637,test
694,638,test
695,639,test
696,640,validation
697,641,test
698,642,validation
699,643,validation
700,644,test
701,645,validation
702,646,validation
703,647,validation
704,648,validation
705,649,test
706,650,validation
707,651,test
708,652,validation
709,653,validation
710,653,validation
711,654,validation
712,655,validation
713,656,validation
714,657,test
715,658,test
716,659,validation
717,550,validation
718,177,test
719,660,test
720,661,validation
721,661,validation
722,662,validation
723,663,validation
724,311,validation
725,664,validation
726,665,validation
727,666,test
728,667,validation
729,668,test
730,669,validation
731,670,test
732,671,validation
733,672,test
734,673,validation
735,674,validation
736,675,test
737,676,test
738,677,validation
739,678,validation
740,679,validation
741,680,test
742,681,test
743,682,validation
744,683,test
745,684,validation
746,685,test
747,686,validation
748,687,test
749,688,test
750,689,validation
751,690,test
752,691,validation
753,692,validation
754,693,test
755,694,test
756,695,test
757,696,validation
758,697,validation
759,698,test
760,699,validation
761,700,test
762,701,validation
763,702,validation
764,703,test
765,704,test
766,705,validation
767,706,test
768,707,validation
769,708,validation
770,709,validation
771,710,validation
772,177,test
773,711,validation
774,594,validation
775,712,validation
776,713,test
777,714,validation
778,715,validation
779,716,validation
780,263,test
781,263,test
782,717,test
783,718,test
784,719,validation
785,720,test
786,721,test
787,722,test
788,723,test
789,724,test
790,725,test
791,726,validation
792,727,test
793,728,validation
794,729,test
795,730,validation
796,731,validation
797,732,validation
798,733,test
799,734,validation
800,735,test
801,736,test
802,737,test
803,738,test
804,739,validation
805,740,test
806,741,validation
807,742,test
808,743,test
809,744,test
810,745,test
811,746,test
812,747,test
813,748,validation
814,749,validation
815,750,validation
816,751,validation
817,752,test
818,753,validation
819,754,test
820,755,validation
821,756,test
822,757,validation
823,758,validation
824,759,validation
825,760,validation
826,761,validation
827,762,validation
828,763,validation
829,764,test
830,765,validation
831,766,test
832,767,validation
833,768,validation
834,769,test
835,595,validation
836,770,test
837,771,validation
838,772,test
839,773,test
840,774,test
841,475,test
842,775,test
843,776,test
844,777,test
845,778,test
846,779,validation
847,780,test
848,177,validation
849,781,test
850,782,validation
851,782,validation
852,783,validation
853,784,validation
854,785,validation
855,786,test
856,787,test
857,788,test
858,789,test
859,790,test
860,791,validation
861,792,test
862,793,test
863,794,validation
864,795,test
865,796,validation
866,797,test
867,798,test
868,799,validation
869,800,test
870,801,validation
871,802,test
872,803,validation
873,793,test
874,804,test
875,805,validation
876,806,validation
877,807,validation
878,808,validation
879,809,test
880,810,validation
881,811,test
882,812,validation
883,813,test
884,814,validation
885,815,test
886,816,test
887,817,validation
888,818,test
889,819,test
890,820,test
891,821,test
892,822,test
893,823,validation
894,824,validation
895,825,validation
896,826,validation
897,253,test
898,827,test
899,828,validation
900,829,test
901,830,validation
902,831,test
903,832,test
904,833,validation
905,834,validation
906,265,test
907,550,test
908,835,test
909,836,validation
910,837,test
911,838,test
912,839,test
913,840,test
914,841,validation
915,842,test
916,843,test
917,844,test
918,845,validation
919,846,validation
920,847,validation
921,848,validation
922,849,validation
923,850,test
924,851,validation
925,852,validation
926,853,test
927,854,test
928,855,validation
929,856,test
930,857,test
931,858,test
932,859,test
933,860,validation
934,861,validation
935,862,validation
936,820,validation
937,863,test
938,864,validation
939,865,validation
940,866,test
941,867,test
942,868,test
943,869,validation
944,870,test
945,871,test
946,872,validation
947,873,test
948,874,validation
949,875,test
950,876,validation
951,877,validation
952,72,test
953,878,validation
954,879,validation
955,880,validation
956,881,validation
957,882,validation
958,883,test
959,884,validation
960,885,validation
961,886,test
962,887,test
963,888,validation
964,594,test
965,889,test
966,890,validation
967,891,validation
968,892,validation
969,893,test
970,894,test
971,895,validation
972,896,validation
973,897,test
974,898,test
975,899,validation
976,900,test
977,901,validation
978,902,test
979,903,test
980,904,validation
981,905,validation
982,906,validation
983,907,test
984,802,validation
985,908,validation
986,909,test
987,910,validation
988,911,test
989,912,validation
990,913,test
991,914,validation
992,915,validation
993,916,test
994,917,validation
995,918,validation
996,919,validation
997,920,validation
998,921,test
999,922,test
1000,923,test
1001,924,test
1002,925,validation
1003,926,validation
1004,927,test
1005,928,test
1006,929,validation
1007,930,validation
1008,931,validation
1009,932,validation
1010,933,test
1011,934,test
1012,935,validation
1013,936,validation
1014,937,test
1015,838,validation
1016,938,validation
1017,939,test
1018,940,test
1019,941,validation
1020,942,validation
1021,943,validation
1022,944,validation
1023,944,test
1024,945,validation
1025,946,test
1026,947,validation
1027,948,test
1028,949,validation
1029,950,test
1030,951,validation
1031,952,validation
1032,953,test
1033,954,test
1034,955,test
1035,956,validation
1036,957,test
1037,958,test
1038,959,validation
1039,960,validation
1040,961,validation
1041,962,test
1042,963,validation
1043,964,test
1044,965,test
1045,966,validation
1046,967,validation
1047,968,test
1048,969,test
1049,970,validation
1050,971,test
1051,972,validation
1052,973,validation
1053,974,test
1054,975,test
1055,976,test
1056,977,test
1057,978,test
1058,979,test
1059,980,validation
1060,594,validation
1061,981,test
1062,982,validation
1063,983,validation
1064,984,test
1065,957,validation
1066,985,validation
1067,986,validation
1068,987,test
1069,988,validation
1070,989,test
1071,990,test
1072,991,validation
1073,992,test
1074,992,validation
1075,992,test
1076,626,validation
1077,993,validation
1078,994,test
1079,995,validation
1080,996,test
1081,997,validation
1082,998,validation
1083,85,test
1084,999,test
1085,1000,validation
1086,1001,validation
1087,1002,test
1088,1003,test
1089,1004,test
1090,1005,test
1091,1006,test
1092,1007,validation
1093,1008,test
1094,1009,test
1095,1010,validation
1096,882,test
1097,1011,test
1098,1012,test
1099,1013,test
1100,1014,test
1101,1015,validation
1102,1016,test
1103,475,test
1104,475,validation
1105,177,test
1106,177,test
1107,1017,validation
1108,177,validation
1109,1017,validation
1110,1018,test
1111,1019,validation
1112,1020,validation
1113,27,test
1114,1021,test
1115,1022,validation
1116,1023,test
1117,1024,test
1118,1025,validation
1119,1026,validation
1120,1027,validation
1121,1028,validation
1122,1029,validation
1123,1030,test
1124,1030,test
1125,1031,test
1126,1032,validation
1127,1033,test
1128,1034,test
1129,1035,validation
1130,1036,validation
1131,1037,validation
1132,1038,validation
1133,1039,test
1134,1040,test
1135,1040,test
1136,1041,validation
1137,1042,test
1138,1043,validation
1139,1044,validation
1140,1045,validation
1141,1046,validation
1142,1047,validation
1143,1048,validation
1144,1049,validation
1145,1050,validation
1146,1051,test
1147,1052,validation
1148,1053,validation
1149,1054,test
1150,1055,validation
1151,1056,test
1152,1057,validation
1153,1058,validation
1154,1059,validation
1155,1060,validation
1156,1061,validation
1157,1062,test
1158,1063,validation
1159,1064,test
1160,1065,validation
1161,1066,test
1162,1067,validation
1163,1068,validation
1164,1069,validation
1165,1023,validation
1166,1023,validation
1167,1070,validation
1168,1071,validation
1169,1072,validation
1170,1073,test
1171,1029,validation
1172,1074,validation
1173,1073,test
1174,1075,test
1175,1076,validation
1176,1077,validation
1177,1078,test
1178,1079,test
1179,1073,test
1180,1040,validation
1181,1080,validation
1182,1081,validation
1183,1082,validation
1184,1083,validation
1185,1084,test
1186,1085,test
1187,1086,test
1188,1087,test
1189,1088,test
1190,1089,test
1191,1090,validation
1192,1091,test
1193,1060,validation
1194,1092,validation
1195,1093,test
1196,1094,test
1197,1095,validation
1198,1096,validation
1199,1097,test
1200,1098,test
1201,1099,validation
1202,1100,validation
1203,1101,validation
1204,1102,test
1205,1103,validation
1206,1104,test
1207,1105,test
1208,1106,test
1209,1107,validation
1210,1108,test
1211,1109,test
1212,1110,validation
1213,1111,test
1214,1112,validation
1215,1073,validation
1216,1113,test
1217,1114,validation
1218,1115,validation
1219,1116,validation
1220,1117,test
1221,1118,test
1222,1119,test
1223,1120,validation
1224,1121,validation
1225,1122,test
1226,1123,test
1227,1124,validation
1228,1023,test
1229,1125,test
1230,1126,test
1231,1127,test
1232,1128,validation
1233,1129,validation
1234,1029,test
1235,1130,test
1236,1131,test
1237,1132,test
1238,1133,validation
1239,1134,test
1240,1135,validation
1241,1073,test
1242,1136,test
1243,1137,validation
1244,1138,test
1245,1139,validation
1246,1140,validation
1247,1141,test
1248,1142,validation
1249,1143,validation
1250,1144,validation
1251,1145,test
1252,1146,validation
1253,1147,test
1254,1148,validation
1255,1073,test
1256,1149,validation
1257,1150,validation
1258,1151,validation
1259,1152,test
1260,1153,test
1261,1154,test
1262,1155,validation
1263,1156,test
1264,1157,test
1265,1158,test
1266,1159,validation
1267,1160,validation
1268,1161,test
1269,1162,test
1270,1163,test
1271,1164,test
1272,1165,test
1273,1166,test
1274,1167,test
1275,1168,validation
1276,1169,validation
1277,1037,validation
1278,1031,test
1279,1170,validation
1280,1171,validation
1281,1172,test
1282,1173,validation
1283,1174,test
1284,1175,test
1285,1176,test
1286,1177,test
1287,1178,validation
1288,1179,test
1289,1180,test
1290,1181,test
1291,1182,validation
1292,1183,test
1293,1184,test
1294,1185,validation
1295,1183,test
1296,1186,validation
1297,1187,validation
1298,1188,test
1299,1189,test
1300,1130,validation
1301,1190,validation
1302,1191,test
1303,1192,validation
1304,1193,validation
1305,1194,validation
1306,1195,validation
1307,1196,test
1308,1197,validation
1309,1198,test
1310,1199,validation
1311,1200,validation
1312,1201,validation
1313,1202,test
1314,1203,validation
1315,1204,validation
1316,1205,test
1317,1206,test
1318,1207,validation
1319,1204,validation
1320,1208,validation
1321,1209,test
1322,1210,test
1323,1211,test
1324,1212,validation
1325,1213,validation
1326,1214,test
1327,1215,validation
1328,1216,validation
1329,1217,validation
1330,1204,test
1331,1218,validation
1332,1219,validation
1333,1220,validation
1334,1221,test
1335,1222,validation
1336,528,test
1337,528,test
1338,1223,test
1339,1224,test
1340,1225,test
1341,1226,validation
1342,1227,validation
1343,1228,test
1344,1229,test
1345,1230,test
1346,1231,validation
1347,1232,validation
1348,1233,validation
1349,1234,test
1350,1235,test
1351,1236,test
1352,1237,test
1353,1238,validation
1354,1239,validation
1355,1240,test
1356,1241,test
1357,1242,test
1358,1243,validation
1359,1244,test
1360,1245,test
1361,1246,test
1362,1247,test
1363,1248,validation
1364,1249,test
1365,1250,validation
1366,1251,test
1367,1252,validation
1368,1253,test
1369,1254,validation
1370,1255,test
1371,1256,validation
1372,1257,validation
1373,1258,test
1374,1259,test
1375,1260,test
1376,1261,test
1377,1262,test
1378,1263,test
1379,1264,validation
1380,1263,test
1381,1265,test
1382,1266,validation
1383,1267,validation
1384,1268,validation
1385,1269,test
1386,1270,validation
1387,1271,validation
1388,1272,validation
1389,1273,validation
1390,1274,validation
1391,1275,test
1392,1276,test
1393,1277,test
1394,1278,validation
1395,1263,test
1396,1279,validation
1397,1280,test
1398,1281,test
1399,1282,test
1400,1283,validation
1401,1284,validation
1402,1285,test
1403,1286,validation
1404,1287,validation
1405,1288,test
1406,1289,test
1407,1290,test
1408,1291,validation
1409,1292,validation
1410,1292,test
1411,1292,test
1412,1293,test
1413,1294,test
1414,1295,validation
1415,1296,validation
1416,1297,validation
1417,1298,test
1418,1299,test
1419,1300,test
1420,1301,validation
1421,1302,test
1422,1303,test
1423,1296,test
1424,1304,validation
1425,1263,test
1426,1305,test
1427,1306,test
1428,1307,validation
1429,1308,test
1430,1309,validation
1431,1310,test
1432,1308,test
1433,1311,validation
1434,1312,validation
1435,1308,test
1436,1313,test
1437,1314,test
1438,1296,validation
1439,1315,validation
1440,921,validation
1441,1316,validation
1442,1317,test
1443,1318,validation
1444,1319,test
1445,1320,validation
1446,1321,test
1447,1322,validation
1448,1323,test
1449,1324,validation
1450,1325,test
1451,1326,test
1452,1327,validation
1453,1328,test
1454,1329,validation
1455,1330,test
1456,1331,test
1457,1332,test
1458,1333,validation
1459,1334,validation
1460,1335,validation
1461,1336,test
1462,1337,test
1463,1338,validation
1464,1339,validation
1465,1340,test
1466,1341,validation
1467,1342,test
1468,1343,test
1469,1344,validation
1470,1345,validation
1471,1346,validation
1472,1347,test
1473,1348,validation
1474,1349,test
1475,1350,test
1476,1351,test
1477,1352,test
1478,1353,validation
1479,1354,validation
1480,1355,test
1481,1354,validation
1482,1356,validation
1483,1357,validation
1484,1358,validation
1485,1359,validation
1486,1360,test
1487,1361,test
1488,1362,test
1489,1363,validation
1490,1364,validation
1491,1365,test
1492,1366,validation
1493,1367,validation
1494,1368,test
1495,1369,validation
1496,1370,validation
1497,1042,test
1498,1371,test
1499,1372,validation
1500,1373,validation
1501,1374,validation
1502,1375,test
1503,1376,test
1504,1377,validation
1505,1378,test
1506,1378,test
1507,1379,test
1508,1380,validation
1509,1381,test
1510,1382,test
1511,1383,test
1512,1384,test
1513,1385,validation
1514,1386,validation
1515,1387,validation
1516,1388,validation
1517,1389,validation
1518,1390,test
1519,1391,validation
1520,1392,validation
1521,1393,validation
1522,1394,validation
1523,1395,validation
1524,1396,validation
1525,1397,test
1526,1398,validation
1527,1399,validation
1528,1400,validation
1529,1401,validation
1530,1402,validation
1531,1403,validation
1532,1404,validation
1533,1405,test
1534,1363,validation
1535,1406,validation
1536,1407,test
1537,1408,test
1538,1409,test
1539,1381,validation
1540,1410,validation
1541,1411,validation
1542,1412,validation
1543,1413,test
1544,1414,test
1545,1415,test
1546,1416,validation
1547,1417,test
1548,1418,validation
1549,1419,validation
1550,1420,validation
1551,1421,test
1552,1135,validation
1553,1135,test
1554,1422,test
1555,1423,validation
1556,1424,test
1557,1425,test
1558,1426,test
1559,1427,test
1560,1428,validation
1561,1429,validation
1562,1430,test
1563,1431,test
1564,1432,test
1565,1433,test
1566,1434,test
1567,1435,test
1568,1436,validation
1569,1437,test
1570,1438,validation
1571,1439,validation
1572,1440,test
1573,1441,validation
1574,1442,validation
1575,1443,test
1576,1444,test
1577,1445,test
1578,1446,test
1579,1447,validation
1580,1448,test
1581,1449,validation
1582,1449,test
1583,1450,test
1584,1451,test
1585,1452,validation
1586,1383,test
1587,1453,test
1588,1454,test
1589,1455,validation
1590,1456,test
1591,1457,test
1592,1458,validation
1593,1459,test
1594,1460,validation
1595,1461,validation
1596,1462,test
1597,1463,validation
1598,1464,test
1599,1464,validation
1600,1465,test
1601,1466,test
1602,1467,test
1603,1468,validation
1604,1469,validation
1605,1470,validation
1606,1471,test
1607,1471,test
1608,1472,test
1609,1473,test
1610,1474,test
1611,1475,test
1612,1476,validation
1613,1128,test
1614,1477,test
1615,1478,validation
1616,1479,test
1617,1480,validation
1618,1481,test
1619,1482,validation
1620,1483,test
1621,1484,test
1622,1485,validation
1623,1486,test
1624,1487,test
1625,1488,validation
1626,1128,test
1627,1489,validation
1628,1490,test
1629,1491,validation
1630,1492,validation
1631,1493,validation
1632,1494,validation
1633,1495,validation
1634,1496,validation
1635,1497,validation
1636,1462,validation
1637,1498,test
1638,1499,validation
1639,1500,validation
1640,1501,test
1641,1502,test
1642,1503,test
1643,1504,validation
1644,1505,test
1645,1506,validation
1646,1507,validation
1647,1508,validation
1648,1509,validation
1649,1510,validation
1650,1511,test
1651,1512,test
1652,1513,validation
1653,1514,validation
1654,1515,validation
1655,1516,test
1656,1517,test
1657,1518,test
1658,1519,validation
1659,1520,test
1660,1521,test
1661,1522,validation
1662,1523,validation
1663,1524,validation
1664,1525,validation
1665,1526,test
1666,1527,validation
1667,1528,validation
1668,1529,validation
1669,1530,validation
1670,1531,test
1671,1532,test
1672,1533,test
1673,1534,validation
1674,1535,validation
1675,1536,validation
1676,1537,validation
1677,1538,test
1678,1539,validation
1679,1540,validation
1680,1541,validation
1681,1542,validation
1682,1543,validation
1683,1544,validation
1684,1545,validation
1685,1546,validation
1686,1547,validation
1687,1548,validation
1688,1549,test
1689,1474,validation
1690,1550,test
1691,1551,test
1692,1552,validation
1693,1553,validation
1694,1554,test
1695,1555,validation
1696,1556,validation
1697,1557,test
1698,1558,validation
1699,1551,validation
1700,1559,validation
1701,1560,validation
1702,1561,test
1703,1562,test
1704,1563,validation
1705,1564,validation
1706,1565,test
1707,1566,validation
1708,1567,validation
1709,1568,test
1710,1569,test
1711,1570,validation
1712,1571,test
1713,1572,test
1714,1573,validation
1715,1574,validation
1716,1575,test
1717,1576,test
1718,1577,test
1719,1578,validation
1720,1579,test
1721,1580,test
1722,1581,validation
1723,1582,test
1724,1583,validation
1725,1584,test
1726,1585,test
1727,1586,test
1728,1587,validation
1729,1588,test
1730,1589,test
1731,1590,test
1732,1591,test
1733,1592,validation
1734,1593,validation
1735,1594,test
1736,1595,test
1737,1596,validation
1738,1597,test
1739,1598,test
1740,1599,test
1741,1600,test
1742,1601,test
1743,1602,test
1744,1603,test
1745,1604,test
1746,1604,test
1747,1605,test
1748,1606,test
1749,1607,validation
1750,1608,validation
1751,1609,validation
1752,1610,test
1753,1611,validation
1754,1612,test
1755,1551,validation
1756,1613,test
1757,1614,validation
1758,1615,validation
1759,1616,validation
1760,1609,test
1761,1617,validation
1762,1618,test
1763,1619,test
1764,1620,validation
1765,1621,test
1766,1622,test
1767,1623,test
1768,1624,validation
1769,1625,validation
1770,1626,test
1771,1627,validation
1772,1628,validation
1773,1629,validation
1774,1630,validation
1775,1631,test
1776,1632,test
1777,1633,test
1778,1634,test
1779,1635,test
1780,1636,test
1781,1637,validation
1782,1638,validation
1783,1639,test
1784,1640,test
1785,1641,validation
1786,1642,test
1787,1643,validation
1788,1644,test
1789,1645,test
1790,1646,validation
1791,1647,validation
1792,1648,validation
1793,1649,test
1794,1650,validation
1795,1651,test
1796,1652,validation
1797,1653,test
1798,1654,test
1799,1655,validation
1800,1656,test
1801,1657,test
1802,1658,validation
1803,1659,test
1804,1660,test
1805,1661,test
1806,1662,validation
1807,1663,validation
1808,1664,test
1809,1665,validation
1810,1666,validation
1811,1544,test
1812,1667,validation
1813,1668,test
1814,1669,test
1815,1670,test
1816,1474,validation
1817,1671,test
1818,1672,test
1819,1673,validation
1820,1674,test
1821,1675,validation
1822,1676,validation
1823,1677,validation
1824,1678,validation
1825,1679,test
1826,1680,validation
1827,1681,validation
1828,1682,validation
1829,1683,validation
1830,1684,test
1831,1685,test
1832,1686,test
1833,1687,test
1834,1688,validation
1835,1689,test
1836,1690,validation
1837,1691,test
1838,1692,validation
1839,1693,test
1840,1694,test
1841,254,validation
1842,1695,test
1843,1696,validation
1844,1697,test
1845,1698,validation
1846,1699,test
1847,1700,test
1848,1701,validation
1849,1702,test
1850,1703,validation
1851,1704,validation
1852,1705,validation
1853,1706,validation
1854,1707,validation
1855,1708,validation
1856,1709,validation
1857,1710,validation
1858,1711,validation
1859,1712,test
1860,1713,test
1861,1714,test
1862,1715,validation
1863,1716,validation
1864,1717,test
1865,1718,validation
1866,1696,test
1867,1719,test
1868,1720,test
1869,1721,test
1870,1722,validation
1871,1723,test
1872,1724,test
1873,1725,test
1874,1726,validation
1875,1727,validation
1876,1728,test
1877,1729,test
1878,1730,validation
1879,1731,validation
1880,1732,test
1881,1733,validation
1882,1734,test
1883,1735,test
1884,1736,validation
1885,1714,test
1886,1737,test
1887,1738,validation
1888,1739,validation
1889,1740,validation
1890,1741,validation
1891,1742,test
1892,1742,validation
1893,1743,validation
1894,1597,test
1895,1744,validation
1896,1745,validation
1897,1746,test
1898,1747,test
1899,1748,validation
1900,1749,validation
1901,1750,validation
1902,1751,validation
1903,1752,validation
1904,1753,test
1905,1754,validation
1906,1755,validation
1907,1756,test
1908,1757,validation
1909,1758,test
1910,1759,validation
1911,1760,test
1912,1761,test
1913,1762,test
1914,1763,validation
1915,1764,test
1916,1765,validation
1917,1753,validation
1918,1766,test
1919,1767,validation
1920,1768,test
1921,1604,test
1922,1769,validation
1923,1770,validation
1924,1771,validation
1925,1772,validation
1926,1773,validation
1927,1774,test
1928,1775,validation
1929,1726,test
1930,1776,validation
1931,1777,validation
1932,1778,validation
1933,1779,test
1934,1603,validation
1935,1780,validation
1936,1781,test
1937,1782,test
1938,1783,test
1939,1784,test
1940,1785,test
1941,1786,test
1942,1787,validation
1943,1788,validation
1944,1789,validation
1945,1790,test
1946,1783,validation
1947,1791,test
1948,1792,validation
1949,1793,test
1950,1794,validation
1951,1795,validation
1952,1796,validation
1953,1797,validation
1954,1798,test
1955,1799,validation
1956,1800,validation
1957,1801,test
1958,1802,validation
1959,1803,validation
1960,512,test
1961,1234,test
1962,1804,validation
1963,1805,test
1964,1806,test
1965,512,test
1966,1521,test
1967,1807,test
1968,1808,validation
1969,1809,validation
1970,1810,validation
1971,1811,test
1972,1812,validation
1973,1813,validation
1974,1814,validation
1975,1815,validation
1976,1816,validation
1977,1817,validation
1978,1818,validation
1979,1819,validation
1980,1820,test
1981,1821,validation
1982,1822,validation
1983,1823,test
1984,1824,validation
1985,1825,test
1986,1826,validation
1987,1827,test
1988,1828,validation
1989,1829,validation
1990,1830,validation
1991,1831,test
1992,724,test
1993,1832,test
1994,1833,validation
1995,1834,test
1996,1835,validation
1997,1836,validation
1998,1837,validation
1999,1838,test
2000,1839,validation
2001,1840,test
2002,1841,test
2003,1842,validation
2004,1843,validation
2005,1844,validation
2006,1845,validation
2007,1846,test
2008,1597,test
2009,1432,test
2010,1847,validation
2011,1848,test
2012,1849,test
2013,1850,test
2014,1851,test
2015,1852,test
2016,1853,validation
2017,1854,validation
2018,1855,test
2019,1856,test
2020,1857,test
2021,1858,validation
2022,1859,validation
2023,1860,test
2024,1861,test
2025,1862,test
2026,1863,validation
2027,1864,validation
2028,1865,test
2029,1866,test
2030,1867,test
2031,1868,test
2032,1869,test
2033,1870,validation
2034,1748,validation
2035,1394,validation
2036,1871,validation
2037,1872,validation
2038,1873,validation
2039,1874,validation
2040,1432,test
2041,1875,validation
2042,1876,validation
2043,1877,test
2044,1878,test
2045,1879,test
2046,1880,validation
2047,1881,validation
2048,1882,validation
2049,1883,validation
2050,1884,validation
2051,1885,test
2052,1886,validation
2053,1887,validation
2054,1888,validation
2055,1889,validation
2056,1890,validation
2057,1891,test
2058,1892,validation
2059,1893,validation
2060,1894,validation
2061,1895,validation
2062,1896,validation
2063,1897,test
2064,1898,test
2065,1899,validation
2066,1900,test
2067,1901,test
2068,1902,validation
2069,1903,test
2070,1904,validation
2071,1905,test
2072,1899,validation
2073,1906,validation
2074,1907,validation
2075,1908,validation
2076,1909,validation
2077,1910,validation
2078,1911,test
2079,1911,test
2080,1912,test
2081,1913,validation
2082,1913,validation
2083,1913,test
2084,1914,test
2085,1913,validation
2086,1908,validation
2087,1915,test
2088,1913,validation
2089,1908,test
2090,1916,test
2091,1914,validation
2092,1917,test
2093,1918,test
2094,1919,validation
2095,1920,test
2096,1921,test
2097,1922,test
2098,1923,test
2099,1923,test
2100,1924,validation
2101,1925,validation
2102,1926,test
2103,1927,validation
2104,1928,test
2105,1929,validation
2106,1930,test
2107,1931,validation
2108,1924,validation
2109,1932,validation
2110,1933,test
2111,1934,test
2112,1935,test
2113,1936,test
2114,1937,test
2115,1938,validation
2116,1939,test
2117,1940,test
2118,1941,validation
2119,1942,validation
2120,1943,test
2121,1944,test
2122,1927,validation
2123,1945,test
2124,1946,test
2125,1947,validation
2126,1948,validation
2127,1949,test
2128,1950,validation
2129,1951,test
2130,1952,test
2131,1953,test
2132,1954,test
2133,1955,validation
2134,1956,validation
2135,1957,validation
2136,1958,test
2137,1959,validation
2138,1960,test
2139,1961,validation
2140,1623,test
2141,1962,validation
2142,1963,validation
2143,1964,validation
2144,1965,test
2145,1966,validation
2146,1967,validation
2147,1968,test
2148,1969,test
2149,1970,validation
2150,1971,validation
2151,1972,test
2152,1973,validation
2153,1974,test
2154,1975,validation
2155,1976,test
2156,1977,validation
2157,1978,test
2158,1979,validation
2159,1980,validation
2160,1981,validation
2161,1982,validation
2162,1983,test
2163,1984,test
2164,1985,test
2165,1986,validation
2166,1987,test
2167,1988,test
2168,1989,test
2169,1990,validation
2170,1991,validation
2171,1992,validation
2172,1993,test
2173,1927,validation
2174,1927,test
2175,1994,test
2176,1995,test
2177,1996,validation
2178,1997,test
2179,1998,test
2180,1999,validation
2181,2000,test
2182,2001,validation
2183,2002,test
2184,2003,validation
2185,2004,validation
2186,2005,test
2187,2006,test
2188,2007,validation
2189,2008,validation
2190,2008,test
2191,2009,validation
2192,2010,validation
2193,2011,validation
2194,2010,test
2195,2010,test
2196,2012,validation
2197,2013,validation
2198,2013,validation
2199,2013,validation
2200,2014,validation
2201,2015,validation
2202,2016,validation
2203,2017,validation
2204,2018,validation
2205,2019,validation
2206,2020,test
2207,2021,validation
2208,2021,test
2209,2022,test
2210,2023,test
2211,2024,test
2212,2025,validation
2213,1924,test
2214,2026,validation
2215,2027,validation
2216,2028,validation
2217,2029,validation
2218,2018,validation
2219,1924,test
2220,2030,validation
2221,2031,test
2222,1992,validation
2223,2032,test
2224,1992,validation
2225,1992,test
2226,2033,test
2227,2034,validation
2228,2035,test
2229,2036,test
2230,2037,test
2231,2038,validation
2232,1920,test
2233,2039,test
2234,1921,test
2235,2017,validation
2236,2040,test
2237,2025,validation
2238,2041,test
2239,2042,validation
2240,1882,validation
2241,1879,test
2242,2043,validation
2243,2044,test
2244,1919,validation
2245,2045,validation
2246,2046,test
2247,2046,validation
2248,1931,test
2249,2046,test
2250,2047,validation
2251,1894,validation
2252,2048,test
2253,1929,validation
2254,2049,test
2255,2050,validation
2256,2051,test
2257,2018,validation
2258,2052,test
2259,2053,test
2260,1922,test
2261,2054,validation
2262,2055,test
2263,2056,validation
2264,2057,validation
2265,2058,validation
2266,2059,test
2267,2060,validation
2268,2061,test
2269,2062,validation
2270,2063,test
2271,2064,validation
2272,2065,test
2273,2066,validation
2274,2067,test
2275,2067,test
2276,2068,test
2277,2020,validation
2278,2069,validation
2279,2070,validation
2280,2071,test
2281,2072,validation
2282,2073,test
2283,2074,test
2284,2075,test
2285,2076,test
2286,2077,test
2287,2078,test
2288,2079,validation
2289,2080,validation
2290,2081,test
2291,2056,test
2292,2080,test
2293,1982,validation
2294,2082,validation
2295,2083,test
2296,2084,validation
2297,2085,test
2298,2086,validation
2299,2087,validation
2300,2088,validation
2301,2089,validation
2302,2090,validation
2303,2091,test
2304,2092,validation
2305,2093,validation
2306,2089,validation
2307,2094,test
2308,2095,test
2309,2096,validation
2310,2097,test
2311,2098,validation
2312,2099,validation
2313,2100,validation
2314,2101,validation
2315,2102,test
2316,2103,test
2317,2104,validation
2318,2105,test
2319,2095,test
2320,2106,test
2321,2107,validation
2322,2108,validation
2323,2109,test
2324,2110,validation
2325,2111,test
2326,2112,validation
2327,2113,validation
2328,2114,test
2329,2115,validation
2330,2116,test
2331,2117,validation
2332,2095,test
2333,2118,test
2334,2106,test
2335,2118,test
2336,2119,validation
2337,2120,test
2338,2121,test
2339,2121,validation
2340,2122,validation
2341,2123,validation
2342,2124,test
2343,2125,validation
2344,1905,test
2345,2126,validation
2346,2127,test
2347,2128,test
2348,2129,validation
2349,2106,test
2350,2130,test
2351,2131,validation
2352,2132,validation
2353,2120,test
2354,2133,validation
2355,2134,validation
2356,2135,test
2357,2136,validation
2358,2137,test
2359,2138,test
2360,2139,test
2361,2140,validation
2362,2141,validation
2363,2142,validation
2364,2143,test
2365,2144,validation
2366,2145,test
2367,2146,test
2368,2147,validation
2369,2148,test
2370,2149,test
2371,2150,test
2372,2095,test
2373,2151,test
2374,2095,validation
2375,2152,test
2376,2153,test
2377,2154,test
2378,2155,test
2379,2156,validation
2380,2132,test
2381,2157,validation
2382,2158,test
2383,2159,test
2384,2160,validation
2385,2161,validation
2386,2162,validation
2387,2163,validation
2388,2164,validation
2389,2165,validation
2390,2166,test
2391,2165,validation
2392,2167,test
2393,2168,validation
2394,2169,test
2395,2170,validation
2396,2171,test
2397,2172,test
2398,2120,validation
2399,2173,validation
2400,2174,test
2401,2175,test
2402,2176,validation
2403,2177,validation
2404,2178,test
2405,2178,validation
2406,2179,test
2407,2180,test
2408,2181,test
2409,2182,validation
2410,2183,validation
2411,2184,test
2412,2185,validation
2413,2186,test
2414,2187,test
2415,2188,test
2416,2189,validation
2417,2190,test
2418,2191,test
2419,2136,test
2420,2087,test
2421,2118,test
2422,2177,validation
2423,2192,validation
2424,2118,validation
2425,2193,test
2426,2194,test
2427,2195,validation
2428,2196,validation
2429,2197,validation
2430,1471,test
2431,2198,test
2432,2199,validation
2433,2095,validation
2434,2200,validation
2435,2201,validation
2436,2202,test
2437,1958,test
2438,2203,test
2439,2204,test
2440,2205,validation
2441,2095,test
2442,2095,test
2443,2206,test
2444,2207,validation
2445,2134,validation
2446,1927,validation
2447,2208,validation
2448,2209,validation
2449,1992,validation
2450,1992,validation
2451,2210,test
2452,2211,validation
2453,2212,test
2454,2213,validation
2455,2214,validation
2456,2215,validation
2457,1473,validation
2458,2216,test
2459,2217,test
2460,2218,validation
2461,2219,validation
2462,2220,validation
2463,2221,validation
2464,2222,validation
2465,2223,validation
2466,2224,validation
2467,2225,test
2468,2226,test
2469,2227,test
2470,2228,test
2471,2229,test
2472,2230,test
2473,2231,test
2474,2232,validation
2475,2233,test
2476,2234,validation
2477,2235,test
2478,2236,test
2479,2237,validation
2480,2238,test
2481,2239,test
2482,2240,test
2483,2240,test
2484,2241,validation
2485,2242,validation
2486,2228,validation
2487,2243,validation
2488,2244,validation
2489,2245,validation
2490,2246,test
2491,2247,validation
2492,2248,test
2493,2249,validation
2494,2250,test
2495,2251,validation
2496,2252,test
2497,2253,test
2498,2254,test
2499,2255,validation
2500,2256,validation
2501,2257,test
2502,2258,test
2503,2259,test
2504,2260,test
2505,2261,test
2506,2262,test
2507,2263,validation
2508,2264,validation
2509,2265,test
2510,2266,validation
2511,2267,validation
2512,2268,validation
2513,2269,validation
2514,2270,validation
2515,2271,test
2516,2272,validation
2517,2273,test
2518,2274,validation
2519,2275,test
2520,2276,validation
2521,2277,validation
2522,2278,validation
2523,2279,test
2524,2278,validation
2525,2280,test
2526,2281,validation
2527,2282,test
2528,2283,test
2529,2284,test
2530,2285,validation
2531,2286,test
2532,2287,validation
2533,2288,test
2534,2289,test
2535,2290,test
2536,2291,validation
2537,2292,validation
2538,2293,test
2539,2294,validation
2540,2295,test
2541,2296,test
2542,2297,test
2543,2293,validation
2544,2298,validation
2545,2299,validation
2546,2300,test
2547,2301,test
2548,2302,validation
2549,2303,validation
2550,2304,validation
2551,2305,test
2552,2306,test
2553,2307,validation
2554,2308,validation
2555,2309,test
2556,2310,validation
2557,2311,validation
2558,2312,validation
2559,2313,validation
2560,2314,test
2561,2315,validation
2562,2316,test
2563,2317,test
2564,2318,test
2565,2319,validation
2566,2320,test
2567,2321,test
2568,2322,validation
2569,2323,test
2570,2324,validation
2571,2325,test
2572,2326,validation
2573,2327,validation
2574,2328,validation
2575,2329,validation
2576,2330,test
2577,2331,validation
2578,2332,test
2579,2245,test
2580,2244,validation
2581,2333,test
2582,2334,validation
2583,2335,test
2584,2336,validation
2585,2337,validation
2586,2338,validation
2587,2339,test
2588,2340,test
2589,2341,validation
2590,2342,test
2591,2343,validation
2592,2344,test
2593,2345,test
2594,2346,test
2595,2347,validation
2596,2348,test
2597,2349,validation
2598,2350,validation
2599,1992,test
2600,2351,test
2601,2352,test
2602,2353,test
2603,2354,test
2604,2355,validation
2605,2356,validation
2606,2357,validation
2607,2358,validation
2608,2359,validation
2609,2330,validation
2610,2360,validation
2611,2361,test
2612,2362,validation
2613,2363,validation
2614,2364,validation
2615,2365,validation
2616,2366,test
2617,2367,validation
2618,2368,test
2619,2369,test
2620,2370,validation
2621,2371,validation
2622,2372,validation
2623,2373,test
2624,2374,test
2625,2375,validation
2626,2376,validation
2627,2377,test
2628,2378,validation
2629,2093,test
2630,2244,validation
2631,2245,test
2632,2379,test
2633,2380,validation
2634,2381,test
2635,2382,validation
2636,2383,test
2637,2384,test
2638,2385,validation
2639,2386,test
2640,2387,validation
2641,2388,validation
2642,2389,test
2643,2390,test
2644,2391,test
2645,2392,test
2646,2393,test
2647,2394,test
2648,2395,test
2649,2396,validation
2650,2397,test
2651,2398,test
2652,2399,test
2653,2400,validation
2654,2093,validation
2655,2093,test
2656,2401,validation
2657,2293,validation
2658,2244,test
2659,2402,test
2660,2293,validation
2661,2401,validation
2662,2403,test
2663,2245,test
2664,2404,validation
2665,2401,validation
2666,2401,validation
2667,2405,test
2668,2406,test
2669,2407,validation
2670,2408,test
2671,2409,test
2672,2410,validation
2673,2411,test
2674,2412,validation
2675,2413,validation
2676,2414,validation
2677,2415,test
2678,2416,test
2679,2417,test
2680,2418,validation
2681,2293,test
2682,2245,test
2683,2419,validation
2684,2419,validation
2685,2420,validation
2686,2421,test
2687,2422,test
2688,2423,test
2689,2424,test
2690,2425,validation
2691,2426,validation
2692,2427,validation
2693,2410,validation
2694,2428,test
2695,2429,validation
2696,2430,test
2697,2431,validation
2698,2432,validation
2699,2433,test
2700,2434,test
2701,2435,validation
2702,2435,test
2703,2436,test
2704,2437,validation
2705,2438,test
2706,2439,test
2707,2440,validation
2708,2439,test
2709,2438,test
2710,2441,validation
2711,2442,test
2712,2435,test
2713,2443,validation
2714,2438,validation
2715,2281,validation
2716,2435,test
2717,2444,test
2718,2445,test
2719,2446,test
2720,2447,test
2721,2448,validation
2722,2449,test
2723,2450,test
2724,2451,test
2725,2452,test
2726,2453,validation
2727,2454,validation
2728,2455,validation
2729,2456,validation
2730,2457,test
2731,2458,validation
2732,2459,validation
2733,2460,validation
2734,2461,validation
2735,2462,validation
2736,2463,validation
2737,2464,test
2738,2465,test
2739,2466,validation
2740,2467,test
2741,2468,validation
2742,2469,test
2743,2470,test
2744,2471,test
2745,2472,test
2746,2473,test
2747,2474,validation
2748,2475,test
2749,2476,validation
2750,2477,validation
2751,2478,validation
2752,2479,test
2753,2480,test
2754,2481,test
2755,2482,test
2756,2483,test
2757,2484,validation
2758,2485,test
2759,2486,test
2760,2487,validation
2761,2488,test
2762,2489,test
2763,2490,validation
2764,2491,validation
2765,2492,validation
2766,2493,test
2767,2494,validation
2768,2495,validation
2769,2496,validation
2770,2497,test
2771,2498,test
2772,2499,validation
2773,2500,validation
2774,2501,validation
2775,2502,validation
2776,2503,test
2777,2504,validation
2778,2505,validation
2779,2506,test
2780,2507,validation
2781,2508,test
2782,2509,validation
2783,2510,validation
2784,2511,validation
2785,85,validation
2786,2512,test
2787,2513,test
2788,2514,validation
2789,2515,test
2790,2516,validation
2791,2517,test
2792,2518,validation
2793,2519,test
2794,2520,test
2795,2521,test
2796,2522,validation
2797,2523,test
2798,2524,validation
2799,2525,validation
2800,2526,validation
2801,2527,validation
2802,2528,validation
2803,2529,validation
2804,2530,validation
2805,2531,validation
2806,2532,validation
2807,2533,test
2808,2534,validation
2809,2535,validation
2810,2536,validation
2811,2537,test
2812,2538,test
2813,2539,validation
2814,2540,validation
2815,2541,test
2816,2542,test
2817,2543,validation
2818,2544,test
2819,2545,validation
2820,2546,test
2821,2547,test
2822,2548,validation
2823,2549,test
2824,2550,validation
2825,2551,test
2826,2552,test
2827,2553,validation
2828,2554,validation
2829,2555,validation
2830,2556,validation
2831,2557,test
2832,2558,validation
2833,2559,test
2834,2560,test
2835,2561,test
2836,2562,test
2837,2563,test
2838,2564,test
2839,2565,test
2840,2566,test
2841,2567,test
2842,2568,validation
2843,2569,validation
2844,2570,validation
2845,2571,test
2846,2572,test
2847,2573,test
2848,2574,test
2849,2575,test
2850,2576,validation
2851,2577,test
2852,2578,validation
2853,2579,validation
2854,2580,validation
2855,2581,test
2856,2582,validation
2857,2583,test
2858,2584,test
2859,2585,validation
2860,2586,validation
2861,2587,test
2862,2588,test
2863,2589,test
2864,2590,validation
2865,2591,test
2866,2592,validation
2867,2593,test
2868,2594,validation
2869,2595,validation
2870,2596,test
2871,2597,validation
2872,2598,validation
2873,2599,test
2874,2600,validation
2875,2601,test
2876,2602,validation
2877,2603,validation
2878,2604,validation
2879,2605,validation
2880,2606,test
2881,2607,test
2882,2608,validation
2883,2609,test
2884,2610,validation
2885,2611,validation
2886,2612,test
2887,2613,test
2888,2614,validation
2889,2296,test
2890,2615,test
2891,2616,validation
2892,2617,test
2893,2618,test
2894,2619,test
2895,2620,test
2896,2621,test
2897,2622,test
2898,2623,validation
2899,2624,validation
2900,2625,test
2901,2626,test
2902,2627,validation
2903,2628,validation
2904,2629,validation
2905,2630,test
2906,2631,test
2907,2632,validation
2908,2633,test
2909,2634,test
2910,2635,validation
2911,2636,validation
2912,2637,test
2913,2638,validation
2914,2639,test
2915,2640,validation
2916,2641,test
2917,2642,test
2918,2643,validation
2919,2644,validation
2920,2645,validation
2921,2646,validation
2922,2647,test
2923,2648,test
2924,2649,validation
2925,2650,validation
2926,2651,validation
2927,2652,test
2928,2653,validation
2929,2654,test
2930,2655,test
2931,2656,validation
2932,2657,validation
2933,2658,validation
2934,2659,test
2935,2660,validation
2936,2659,validation
2937,2661,test
2938,2662,test
2939,2663,validation
2940,2664,validation
2941,2665,test
2942,2666,validation
2943,2667,test
2944,2668,validation
2945,2669,test
2946,2670,test
2947,2671,validation
2948,2672,test
2949,2673,validation
2950,2674,test
2951,2675,validation
2952,2676,test
2953,2677,validation
2954,2678,validation
2955,2679,validation
2956,2680,validation
2957,2681,test
2958,2682,test
2959,2683,validation
2960,2684,validation
2961,2685,test
2962,2686,validation
2963,2687,test
2964,2688,validation
2965,2689,test
2966,2690,validation
2967,2513,test
2968,2691,test
2969,2692,validation
2970,2693,test
2971,2694,validation
2972,2695,test
2973,2696,validation
2974,2697,validation
2975,2698,test
2976,2699,validation
2977,2700,validation
2978,2701,test
2979,2702,test
2980,2703,validation
2981,2704,validation
2982,2705,validation
2983,2706,test
2984,2707,validation
2985,2708,test
2986,2709,test
2987,2710,validation
2988,2710,test
2989,2711,test
2990,2712,test
2991,2713,test
2992,2714,validation
2993,2715,test
2994,2716,test
2995,2717,test
2996,2718,test
2997,2719,validation
2998,2720,test
2999,2721,test
3000,2722,train
3001,2723,train
3002,2724,train
3003,2725,train
3004,2726,train
3005,2727,train
3006,2728,train
3007,2729,unknown
3008,2730,train
3009,2731,unknown
3010,2732,train
3011,2733,unknown
3012,2734,unknown
3013,2735,unknown
3014,2736,train
3015,2737,train
3016,2738,train
3017,2739,train
3018,2740,train
3019,2741,train
3020,2742,train
3021,2743,unknown
3022,2744,train
3023,2745,train
3024,2746,train
3025,2747,train
3026,2748,train
3027,2749,train
3028,2750,train
3029,2751,train
3030,2752,train
3031,2753,train
3032,2754,train
3033,2755,unknown
3034,2756,train
3035,2757,train
3036,2758,train
3037,2759,train
3038,2740,train
3039,2760,train
3040,2761,train
3041,2762,train
3042,2763,unknown
3043,2764,train
3044,2765,unknown
3045,2766,train
3046,2767,train
3047,2768,train
3048,2768,train
3049,2769,train
3050,2770,train
3051,2771,train
3052,2772,train
3053,2773,unknown
3054,2774,unknown
3055,2775,train
3056,2776,train
3057,2777,train
3058,2778,train
3059,2779,train
3060,2780,train
3061,2781,train
3062,2782,unknown
3063,2783,unknown
3064,2784,train
3065,2785,train
3066,2786,train
3067,2787,train
3068,2788,train
3069,2789,unknown
3070,2790,train
3071,2791,train
3072,2792,train
3073,2793,train
3074,2794,train
3075,2795,train
3076,2796,train
3077,2797,train
3078,2798,unknown
3079,2799,unknown
3080,2800,train
3081,2801,train
3082,2802,train
3083,2803,train
3084,2804,unknown
3085,2805,train
3086,2806,train
3087,2807,train
3088,2808,unknown
3089,2809,train
3090,2810,train
3091,2811,train
3092,2812,train
3093,2813,train
3094,2814,train
3095,2815,train
3096,2816,train
3097,2817,train
3098,2818,train
3099,2819,unknown
3100,2820,unknown
3101,2821,train
3102,2822,train
3103,1654,unknown
3104,2823,train
3105,2824,unknown
3106,2825,train
3107,2826,train
3108,2827,train
3109,2828,train
3110,2829,train
3111,2830,train
3112,2831,unknown
3113,2832,train
3114,2833,train
3115,2834,train
3116,2835,train
3117,2836,train
3118,2837,train
3119,2838,train
3120,2839,unknown
3121,2840,unknown
3122,2841,train
3123,2842,train
3124,2740,train
3125,2843,train
3126,2844,unknown
3127,2845,train
3128,2846,train
3129,2847,train
3130,2848,train
3131,2849,train
3132,2850,train
3133,2851,train
3134,2852,unknown
3135,2853,train
3136,2854,train
3137,2855,train
3138,2856,train
3139,2857,unknown
3140,2858,train
3141,2859,train
3142,2860,train
3143,2861,unknown
3144,2862,train
3145,2863,train
3146,2864,train
3147,2865,train
3148,2866,train
3149,2867,train
3150,2868,train
3151,2869,train
3152,2870,train
3153,2871,train
3154,2872,train
3155,1482,unknown
3156,2873,train
3157,147,unknown
3158,2874,train
3159,2875,train
3160,2876,train
3161,2877,train
3162,2878,train
3163,2879,unknown
3164,2880,train
3165,2881,train
3166,2882,train
3167,2883,train
3168,2884,train
3169,2885,train
3170,2886,train
3171,2887,unknown
3172,2888,train
3173,2889,unknown
3174,2890,train
3175,2891,unknown
3176,2892,unknown
3177,2893,train
3178,2894,unknown
3179,2895,train
3180,2896,train
3181,2897,unknown
3182,2898,unknown
3183,2899,train
3184,2900,train
3185,2901,unknown
3186,2902,train
3187,2903,train
3188,2904,unknown
3189,2905,train
3190,2906,train
3191,2907,train
3192,2908,train
3193,2909,train
3194,2910,unknown
3195,2911,train
3196,2912,train
3197,2913,train
3198,2914,train
3199,2915,train
3200,2916,train
3201,2917,train
3202,2918,train
3203,2919,train
3204,2920,train
3205,2921,train
3206,2922,train
3207,2923,train
3208,2924,train
3209,2925,unknown
3210,2926,train
3211,2927,train
3212,2928,train
3213,2929,train
3214,2930,unknown
3215,2931,unknown
3216,2932,train
3217,2933,train
3218,2934,train
3219,2935,train
3220,2936,unknown
3221,2937,train
3222,2938,train
3223,2939,train
3224,2940,train
3225,2941,train
3226,2942,unknown
3227,2943,train
3228,2944,train
3229,2945,train
3230,2946,unknown
3231,2947,train
3232,2948,train
3233,2949,unknown
3234,2950,unknown
3235,2951,unknown
3236,2952,unknown
3237,2953,unknown
3238,2954,unknown
3239,2955,train
3240,2956,unknown
3241,2957,train
3242,2958,train
3243,2959,train
3244,2960,train
3245,2961,train
3246,2962,unknown
3247,2963,train
3248,2964,train
3249,2965,unknown
3250,2966,unknown
3251,2967,train
3252,2968,train
3253,2969,train
3254,2970,train
3255,2971,train
3256,2972,train
3257,2973,train
3258,2974,train
3259,2518,train
3260,2975,unknown
3261,2976,train
3262,2977,train
3263,2978,unknown
3264,2979,train
3265,2980,train
3266,2981,train
3267,2982,train
3268,2983,train
3269,2984,train
3270,2985,unknown
3271,2986,train
3272,2987,train
3273,2988,train
3274,2989,train
3275,2990,train
3276,2991,train
3277,2992,train
3278,2993,train
3279,2994,train
3280,2995,train
3281,2996,train
3282,2997,unknown
3283,2998,train
3284,2999,train
3285,3000,train
3286,1801,train
3287,3001,train
3288,3002,train
3289,3003,unknown
3290,3004,train
3291,3005,train
3292,3006,train
3293,3007,unknown
3294,3008,train
3295,3009,train
3296,3010,train
3297,3011,train
3298,3012,train
3299,3013,train
3300,3014,train
3301,3015,train
3302,3016,unknown
3303,3017,train
3304,3018,train
3305,3019,unknown
3306,3020,train
3307,3021,train
3308,3022,unknown
3309,3023,train
3310,3024,train
3311,3025,train
3312,3026,train
3313,3027,train
3314,3028,train
3315,3029,train
3316,3030,train
3317,3031,unknown
3318,3032,unknown
3319,3033,train
3320,3034,train
3321,3035,train
3322,3036,train
3323,3037,train
3324,3038,train
3325,3039,train
3326,3040,train
3327,1067,train
3328,3041,train
3329,3042,train
3330,3043,train
3331,3044,train
3332,3045,train
3333,3046,train
3334,3047,train
3335,3048,train
3336,3049,train
3337,3050,train
3338,3051,train
3339,3052,train
3340,3053,unknown
3341,3054,train
3342,3055,unknown
3343,1569,train
3344,3056,train
3345,3057,train
3346,3058,train
3347,3059,unknown
3348,3060,unknown
3349,3061,unknown
3350,3062,train
3351,3063,train
3352,3064,train
3353,3065,train
3354,3066,train
3355,3067,train
3356,3068,train
3357,3069,train
3358,3070,unknown
3359,3071,train
3360,3072,train
3361,3073,train
3362,3074,train
3363,3075,unknown
3364,3076,train
3365,3077,train
3366,3078,train
3367,3079,train
3368,3080,train
3369,3081,train
3370,3082,train
3371,3083,train
3372,3084,train
3373,3085,train
3374,3086,train
3375,3087,train
3376,3088,train
3377,3089,train
3378,3090,unknown
3379,3091,train
3380,3092,train
3381,3093,train
3382,3094,train
3383,3095,train
3384,3096,train
3385,3097,train
3386,3098,train
3387,3099,unknown
3388,3100,train
3389,3101,train
3390,3102,train
3391,3103,unknown
3392,3104,train
3393,3105,train
3394,3106,train
3395,3107,train
3396,3108,train
3397,3109,train
3398,3110,train
3399,2980,train
3400,3111,train
3401,3112,train
3402,3113,unknown
3403,3114,train
3404,3115,unknown
3405,3116,unknown
3406,3117,unknown
3407,3118,train
3408,3119,unknown
3409,3120,unknown
3410,3121,train
3411,3122,train
3412,3123,train
3413,3124,unknown
3414,3125,train
3415,3126,unknown
3416,3127,unknown
3417,3128,train
3418,3129,train
3419,3130,train
3420,3131,train
3421,3132,train
3422,3133,unknown
3423,3134,train
3424,3135,train
3425,3136,train
3426,3137,train
3427,3138,train
3428,3139,train
3429,3140,train
3430,3141,train
3431,3141,train
3432,3102,train
3433,3142,train
3434,3143,train
3435,3144,train
3436,3145,train
3437,3146,train
3438,3147,train
3439,3148,unknown
3440,3149,train
3441,3150,unknown
3442,3151,train
3443,3152,train
3444,3153,train
3445,3154,train
3446,3155,train
3447,3156,unknown
3448,3157,train
3449,3158,train
3450,3159,unknown
3451,3160,train
3452,3161,unknown
3453,3162,unknown
3454,3163,train
3455,3164,train
3456,3165,train
3457,3166,train
3458,3167,train
3459,3168,train
3460,3169,unknown
3461,3170,train
3462,3171,unknown
3463,3172,train
3464,3173,unknown
3465,3174,train
3466,3175,train
3467,3176,unknown
3468,3177,unknown
3469,3178,unknown
3470,3179,train
3471,3180,train
3472,3181,unknown
3473,3182,train
3474,3183,train
3475,3184,unknown
3476,3185,train
3477,3186,unknown
3478,3187,train
3479,3188,unknown
3480,3189,unknown
3481,3187,train
3482,3187,train
3483,3190,train
3484,3191,train
3485,3192,train
3486,3193,train
3487,3194,train
3488,3195,train
3489,3196,train
3490,3197,train
3491,3198,train
3492,3199,train
3493,3200,train
3494,3201,train
3495,3202,train
3496,3203,train
3497,3204,train
3498,3205,train
3499,3206,train
3500,3207,train
3501,3198,train
3502,3208,train
3503,3209,train
3504,3202,train
3505,3184,unknown
3506,3199,train
3507,3210,train
3508,3211,train
3509,3212,train
3510,3213,train
3511,3214,train
3512,3215,train
3513,3216,train
3514,3217,train
3515,3218,train
3516,3219,train
3517,3220,train
3518,3221,train
3519,3222,unknown
3520,3223,train
3521,3224,train
3522,3225,train
3523,3226,train
3524,3227,train
3525,3228,train
3526,3229,train
3527,3230,unknown
3528,3231,train
3529,3232,train
3530,3233,train
3531,3234,unknown
3532,3235,unknown
3533,3236,train
3534,3237,unknown
3535,3238,train
3536,3239,train
3537,3240,train
3538,3241,train
3539,3242,train
3540,3243,train
3541,3244,train
3542,3245,unknown
3543,3246,train
3544,3247,train
3545,3248,train
3546,3249,unknown
3547,3250,train
3548,3251,train
3549,3252,train
3550,3253,unknown
3551,3254,train
3552,3255,train
3553,3256,train
3554,3257,train
3555,3258,train
3556,3259,train
3557,3260,train
3558,3261,train
3559,3262,train
3560,3263,unknown
3561,3264,train
3562,3265,train
3563,3266,train
3564,3267,train
3565,3268,train
3566,3269,train
3567,3270,train
3568,3271,unknown
3569,3272,train
3570,3273,train
3571,3274,train
3572,3275,train
3573,3276,train
3574,3277,train
3575,3278,train
3576,3279,train
3577,3280,train
3578,3281,train
3579,3282,unknown
3580,3283,train
3581,3284,train
3582,3285,train
3583,3286,unknown
3584,3287,train
3585,3288,train
3586,3289,unknown
3587,3290,train
3588,3291,train
3589,3292,train
3590,3293,train
3591,3294,train
3592,3295,unknown
3593,3296,unknown
3594,3297,train
3595,3298,unknown
3596,3299,train
3597,3300,unknown
3598,3301,train
3599,3302,train
3600,3303,train
3601,3304,train
3602,3305,train
3603,3306,train
3604,3307,train
3605,3308,train
3606,3309,train
3607,3310,train
3608,3311,unknown
3609,3312,train
3610,3313,unknown
3611,3314,train
3612,3315,train
3613,3316,train
3614,3317,unknown
3615,3318,train
3616,3319,train
3617,3320,train
3618,3321,unknown
3619,3322,train
3620,3323,unknown
3621,3324,train
3622,3325,train
3623,3326,train
3624,3327,train
3625,3328,train
3626,3329,train
3627,3330,train
3628,3331,train
3629,3332,train
3630,3333,train
3631,3334,train
3632,3335,train
3633,3336,train
3634,3337,train
3635,3338,train
3636,3339,train
3637,3340,train
3638,3341,train
3639,3342,train
3640,3343,train
3641,3344,train
3642,3345,train
3643,3346,train
3644,3347,train
3645,3348,train
3646,3349,train
3647,3350,train
3648,3351,train
3649,3352,unknown
3650,3353,train
3651,3354,train
3652,3355,train
3653,3356,train
3654,3357,unknown
3655,3358,train
3656,3359,train
3657,3360,train
3658,3361,train
3659,3362,train
3660,3363,train
3661,3364,train
3662,3365,unknown
3663,3366,train
3664,3367,train
3665,3368,train
3666,3369,train
3667,3370,train
3668,3371,train
3669,3372,train
3670,3373,train
3671,3374,train
3672,3375,train
3673,3376,train
3674,3377,unknown
3675,3378,train
3676,3379,train
3677,3380,unknown
3678,3381,train
3679,3382,train
3680,3383,train
3681,3384,unknown
3682,3385,train
3683,3386,train
3684,3387,train
3685,3388,train
3686,3389,train
3687,3390,train
3688,3391,train
3689,3392,unknown
3690,3393,train
3691,3394,train
3692,3395,train
3693,3396,train
3694,3397,train
3695,3398,train
3696,3399,unknown
3697,3400,train
3698,3401,train
3699,3402,train
3700,3403,train
3701,3404,unknown
3702,3405,unknown
3703,3406,unknown
3704,3407,train
3705,3408,train
3706,3409,train
3707,3410,train
3708,3411,train
3709,3412,train
3710,3413,unknown
3711,3414,train
3712,3415,train
3713,3416,train
3714,3417,train
3715,3418,unknown
3716,3419,train
3717,3420,train
3718,3421,train
3719,3422,train
3720,3423,train
3721,3424,unknown
3722,3425,train
3723,3426,train
3724,3427,train
3725,3428,train
3726,3429,unknown
3727,3430,train
3728,3431,train
3729,3432,train
3730,3433,train
3731,3434,train
3732,3435,train
3733,3436,train
3734,3437,unknown
3735,3438,train
3736,3439,train
3737,3440,train
3738,3441,train
3739,3442,train
3740,3443,unknown
3741,3444,train
3742,3445,train
3743,3446,unknown
3744,3447,train
3745,3448,train
3746,3449,train
3747,3450,train
3748,3451,train
3749,3452,train
3750,3453,train
3751,3454,unknown
3752,3455,unknown
3753,3456,unknown
3754,3457,train
3755,3458,unknown
3756,3459,train
3757,3460,train
3758,3461,train
3759,3462,unknown
3760,3463,train
3761,3464,train
3762,3465,unknown
3763,3466,train
3764,3467,train
3765,3468,unknown
3766,3469,train
3767,3470,train
3768,3471,unknown
3769,3472,train
3770,3473,unknown
3771,3474,train
3772,3475,train
3773,3476,unknown
3774,3477,train
3775,3478,train
3776,3479,train
3777,3480,train
3778,3481,train
3779,3482,train
3780,3483,unknown
3781,3484,train
3782,3485,train
3783,3486,train
3784,3487,train
3785,3488,unknown
3786,3489,train
3787,3490,train
3788,3491,train
3789,3492,train
3790,3493,train
3791,3494,train
3792,3495,train
3793,3496,train
3794,3497,train
3795,3498,unknown
3796,3499,train
3797,3500,train
3798,3501,train
3799,3502,train
3800,3503,train
3801,3504,train
3802,3505,train
3803,3506,train
3804,3507,unknown
3805,3508,unknown
3806,3509,train
3807,3510,train
3808,3511,train
3809,3512,train
3810,3513,train
3811,3514,train
3812,3515,train
3813,3516,unknown
3814,3517,train
3815,3518,unknown
3816,3519,unknown
3817,3520,train
3818,3521,train
3819,3522,train
3820,3523,train
3821,3524,train
3822,3525,train
3823,3526,train
3824,3527,train
3825,3528,train
3826,3529,unknown
3827,3530,train
3828,3531,train
3829,3532,unknown
3830,3533,train
3831,3534,train
3832,3535,unknown
3833,3536,unknown
3834,3537,unknown
3835,3538,train
3836,3539,train
3837,3540,train
3838,3541,train
3839,3542,unknown
3840,3543,unknown
3841,3544,unknown
3842,3545,train
3843,3546,unknown
3844,3547,train
3845,3548,train
3846,3549,unknown
3847,3550,train
3848,3551,train
3849,3552,train
3850,3553,train
3851,3554,train
3852,3555,unknown
3853,3556,train
3854,3557,train
3855,3558,train
3856,3559,train
3857,3560,unknown
3858,3561,train
3859,3562,train
3860,3563,unknown
3861,3564,train
3862,3565,unknown
3863,3566,unknown
3864,3567,train
3865,3568,train
3866,3569,unknown
3867,3570,train
3868,3571,train
3869,3572,train
3870,3573,train
3871,3574,unknown
3872,3575,train
3873,3576,train
3874,3577,unknown
3875,3578,unknown
3876,3579,train
3877,3580,train
3878,3581,unknown
3879,3582,train
3880,3583,unknown
3881,3584,unknown
3882,3585,train
3883,3586,train
3884,3587,train
3885,3588,train
3886,3589,train
3887,3590,train
3888,3591,train
3889,3592,train
3890,3593,train
3891,3594,train
3892,3595,unknown
3893,3596,train
3894,3597,train
3895,3598,train
3896,3599,train
3897,3600,unknown
3898,3601,train
3899,3602,train
3900,3603,train
3901,3604,train
3902,3605,train
3903,3606,unknown
3904,3607,train
3905,3608,train
3906,3609,train
3907,3610,train
3908,3611,train
3909,3612,unknown
3910,3613,unknown
3911,3614,train
3912,3615,train
3913,3616,train
3914,3617,train
3915,3618,train
3916,3619,train
3917,3620,train
3918,3621,unknown
3919,3622,train
3920,3623,train
3921,3624,unknown
3922,3625,unknown
3923,3626,train
3924,3627,unknown
3925,3628,train
3926,3629,unknown
3927,3630,train
3928,3631,train
3929,3632,unknown
3930,3633,train
3931,3634,train
3932,3635,unknown
3933,3636,train
3934,3637,unknown
3935,3638,train
3936,3639,train
3937,3640,train
3938,3641,train
3939,3642,unknown
3940,3643,unknown
3941,3644,train
3942,3645,train
3943,3646,unknown
3944,3647,train
3945,3648,train
3946,3649,train
3947,3650,unknown
3948,3651,train
3949,3652,train
3950,3653,train
3951,3654,unknown
3952,3655,train
3953,3656,train
3954,3657,unknown
3955,3658,unknown
3956,3659,train
3957,3660,train
3958,3661,unknown
3959,3662,train
3960,3663,train
3961,3664,train
3962,3665,train
3963,3666,train
3964,3667,train
3965,3668,train
3966,3669,unknown
3967,3670,train
3968,3671,train
3969,3672,train
3970,3673,train
3971,3674,unknown
3972,3675,train
3973,3676,train
3974,3677,train
3975,3678,unknown
3976,3679,train
3977,3680,train
3978,3681,train
3979,3682,train
3980,3683,unknown
3981,3684,train
3982,3685,train
3983,3686,train
3984,3687,unknown
3985,3688,unknown
3986,3689,train
3987,3690,train
3988,3691,unknown
3989,3692,train
3990,3693,train
3991,3694,train
3992,3695,train
3993,3696,train
3994,3697,train
3995,3698,train
3996,3699,train
3997,3700,train
3998,3701,train
3999,3702,train
4000,3703,train
4001,3704,unknown
4002,3705,train
4003,3706,unknown
4004,3707,train
4005,3708,unknown
4006,3709,train
4007,3710,train
4008,3711,unknown
4009,3712,train
4010,3713,train
4011,3714,train
4012,3715,train
4013,3716,unknown
4014,3717,train
4015,3718,unknown
4016,3719,unknown
4017,3720,train
4018,3721,train
4019,3722,train
4020,3723,unknown
4021,3724,train
4022,3725,train
4023,3726,train
4024,3727,train
4025,3728,train
4026,3729,train
4027,3730,unknown
4028,3731,train
4029,3732,unknown
4030,3733,train
4031,3734,train
4032,3735,train
4033,3736,train
4034,3737,train
4035,3738,train
4036,3739,train
4037,3740,train
4038,3741,train
4039,3742,train
4040,3743,train
4041,3744,train
4042,3745,unknown
4043,3746,train
4044,3747,train
4045,3748,train
4046,3749,train
4047,3750,unknown
4048,3751,unknown
4049,3752,train
4050,3753,train
4051,3754,unknown
4052,3755,unknown
4053,3756,train
4054,3757,train
4055,3758,train
4056,3759,train
4057,3760,train
4058,3761,train
4059,3762,train
4060,3763,unknown
4061,3764,train
4062,3765,train
4063,3766,unknown
4064,3767,train
4065,3768,train
4066,3769,train
4067,3770,train
4068,3771,train
4069,3772,train
4070,3773,train
4071,3774,train
4072,3775,train
4073,3776,train
4074,3777,train
4075,3778,unknown
4076,3779,train
4077,3780,train
4078,3781,train
4079,3782,train
4080,3783,train
4081,3784,train
4082,3785,train
4083,3786,train
4084,3787,unknown
4085,3788,train
4086,3789,train
4087,3790,train
4088,3791,train
4089,3792,train
4090,3793,train
4091,3794,train
4092,3795,train
4093,3796,train
4094,3797,train
4095,3798,train
4096,3799,train
4097,3800,train
4098,3801,train
4099,3802,train
4100,3803,train
4101,3804,train
4102,3805,train
4103,3806,train
4104,3807,unknown
4105,3808,unknown
4106,3809,train
4107,3810,train
4108,3811,train
4109,3812,unknown
4110,3813,train
4111,3814,train
4112,3815,train
4113,3816,unknown
4114,3817,train
4115,3818,train
4116,3819,unknown
4117,3820,unknown
4118,3821,train
4119,3822,train
4120,3823,unknown
4121,3824,unknown
4122,3825,unknown
4123,3826,train
4124,3827,train
4125,3828,train
4126,3829,unknown
4127,3830,unknown
4128,3831,train
4129,3832,train
4130,3833,train
4131,3834,train
4132,3835,train
4133,3836,train
4134,3837,train
4135,3838,train
4136,3839,train
4137,3840,unknown
4138,3841,train
4139,3842,train
4140,3843,unknown
4141,3844,train
4142,3845,train
4143,3846,unknown
4144,3847,train
4145,3848,unknown
4146,3849,train
4147,3850,train
4148,3851,train
4149,3852,train
4150,3853,train
4151,3854,unknown
4152,3855,train
4153,3856,train
4154,3857,train
4155,3858,train
4156,3859,train
4157,3860,train
4158,3861,unknown
4159,3862,train
4160,3863,train
4161,3864,unknown
4162,3865,train
4163,3866,train
4164,3867,train
4165,3868,train
4166,3869,train
4167,3870,train
4168,3871,train
4169,3872,train
4170,3873,train
4171,3874,unknown
4172,3875,train
4173,3876,train
4174,3877,train
4175,3878,unknown
4176,3879,train
4177,3880,unknown
4178,3881,train
4179,3882,train
4180,3883,train
4181,3884,train
4182,3885,train
4183,3886,unknown
4184,3887,train
4185,3888,train
4186,3889,unknown
4187,3890,train
4188,3891,unknown
4189,3892,train
4190,3893,train
4191,3894,unknown
4192,3895,train
4193,3896,train
4194,3897,unknown
4195,3898,train
4196,3899,unknown
4197,3900,unknown
4198,3901,train
4199,3902,unknown
4200,3903,unknown
4201,3904,train
4202,3905,train
4203,3906,train
4204,3907,train
4205,3908,train
4206,3909,train
4207,3910,train
4208,3911,unknown
4209,3912,train
4210,3913,train
4211,3914,unknown
4212,3915,train
4213,3916,train
4214,3917,train
4215,3918,train
4216,3919,train
4217,3920,train
4218,3921,train
4219,3922,train
4220,3923,train
4221,3924,train
4222,3925,train
4223,3926,train
4224,3927,train
4225,3928,train
4226,3929,train
4227,3930,unknown
4228,3931,train
4229,3932,unknown
4230,3933,train
4231,3934,train
4232,3935,train
4233,3936,train
4234,3937,train
4235,3938,unknown
4236,3939,train
4237,3940,train
4238,3941,train
4239,3942,train
4240,3943,train
4241,3944,unknown
4242,3945,train
4243,3946,train
4244,3947,train
4245,3948,train
4246,3949,unknown
4247,3950,train
4248,3951,train
4249,3952,train
4250,3953,unknown
4251,3954,unknown
4252,3955,train
4253,3956,unknown
4254,3957,train
4255,3958,train
4256,3959,train
4257,3960,train
4258,3961,train
4259,3962,unknown
4260,3963,train
4261,3964,train
4262,3965,unknown
4263,3966,train
4264,3967,train
4265,3968,train
4266,3969,unknown
4267,3970,train
4268,3971,train
4269,3972,unknown
4270,3973,train
4271,3974,unknown
4272,3975,train
4273,3976,unknown
4274,3977,train
4275,3978,train
4276,3979,train
4277,3980,train
4278,3981,train
4279,3982,train
4280,3983,unknown
4281,3984,train
4282,3985,train
4283,3986,train
4284,3987,train
4285,3988,train
4286,3989,unknown
4287,3990,unknown
4288,3991,train
4289,3992,train
4290,3993,train
4291,3994,unknown
4292,3995,train
4293,3996,train
4294,3997,unknown
4295,3998,train
4296,3999,unknown
4297,4000,train
4298,4001,train
4299,4002,unknown
4300,4003,train
4301,4004,train
4302,4005,unknown
4303,4006,train
4304,4007,train
4305,4008,train
4306,4009,train
4307,4010,train
4308,4011,train
4309,4012,train
4310,4013,train
4311,4014,train
4312,4015,train
4313,4016,train
4314,4017,train
4315,4018,unknown
4316,4019,train
4317,4020,train
4318,4021,train
4319,4022,train
4320,4023,unknown
4321,4024,train
4322,4025,train
4323,4026,train
4324,4027,train
4325,4028,train
4326,4029,train
4327,4030,unknown
4328,4031,train
4329,4032,train
4330,4033,train
4331,4034,train
4332,4035,train
4333,4036,train
4334,4037,train
4335,4038,train
4336,4039,train
4337,4040,unknown
4338,4041,unknown
4339,4042,train
4340,4043,train
4341,4044,train
4342,4045,unknown
4343,4046,train
4344,4047,train
4345,4048,train
4346,4049,train
4347,4050,train
4348,4051,train
4349,4052,train
4350,4053,train
4351,4054,train
4352,4055,train
4353,4056,train
4354,4057,train
4355,4058,train
4356,4059,train
4357,4060,train
4358,4061,train
4359,4062,train
4360,4063,train
4361,4064,train
4362,4065,train
4363,4066,train
4364,4067,unknown
4365,4068,train
4366,4069,train
4367,4070,train
4368,4071,train
4369,4072,train
4370,4073,train
4371,4074,train
4372,4075,train
4373,4076,train
4374,4077,unknown
4375,4078,train
4376,4079,train
4377,4080,unknown
4378,4081,train
4379,4082,train
4380,4083,train
4381,4084,train
4382,4085,train
4383,4086,train
4384,4087,train
4385,4088,train
4386,4089,train
4387,4090,train
4388,4091,train
4389,4092,train
4390,4093,train
4391,4094,train
4392,4095,unknown
4393,4096,unknown
4394,4097,train
4395,4098,train
4396,4099,train
4397,4100,train
4398,4101,train
4399,4102,train
4400,4103,train
4401,4104,train
4402,4105,train
4403,4106,unknown
4404,4107,unknown
4405,4108,train
4406,4109,train
4407,4110,unknown
4408,4111,train
4409,4112,train
4410,4113,train
4411,4114,train
4412,4115,train
4413,4116,unknown
4414,4117,train
4415,4118,unknown
4416,4119,train
4417,4120,train
4418,4121,unknown
4419,4122,train
4420,4123,train
4421,4124,train
4422,4125,train
4423,4126,train
4424,4127,unknown
4425,4128,train
4426,4129,train
4427,4130,train
4428,4131,train
4429,4132,train
4430,4133,train
4431,4134,unknown
4432,4135,train
4433,4136,train
4434,4137,train
4435,4138,train
4436,4139,train
4437,4140,train
4438,4141,train
4439,4142,train
4440,4143,train
4441,4144,train
4442,4145,train
4443,4146,train
4444,4147,train
4445,4148,train
4446,4149,train
4447,4150,train
4448,4151,train
4449,4152,train
4450,4153,train
4451,4154,train
4452,4155,train
4453,4156,train
4454,4157,train
4455,4158,train
4456,4159,train
4457,4160,train
4458,4161,train
4459,4162,train
4460,4163,train
4461,4164,train
4462,4165,train
4463,4166,train
4464,4167,unknown
4465,4168,train
4466,4169,train
4467,4170,train
4468,4171,train
4469,4172,train
4470,4173,train
4471,4174,train
4472,4175,train
4473,4176,train
4474,4177,train
4475,4178,unknown
4476,4179,train
4477,4180,train
4478,4181,train
4479,4182,train
4480,4183,train
4481,4184,train
4482,4185,unknown
4483,4186,train
4484,4187,train
4485,4188,unknown
4486,4189,unknown
4487,4190,train
4488,4191,unknown
4489,4192,unknown
4490,4193,unknown
4491,4194,train
4492,4195,train
4493,4196,unknown
4494,4197,train
4495,4198,train
4496,4199,train
4497,4200,train
4498,4201,unknown
4499,4202,train
4500,4203,unknown
4501,4204,train
4502,4205,train
4503,4206,train
4504,4207,train
4505,4208,unknown
4506,4209,train
4507,4210,train
4508,4211,train
4509,4212,train
4510,4213,unknown
4511,4214,train
4512,4215,train
4513,4216,train
4514,4217,train
4515,4218,unknown
4516,4219,train
4517,4220,train
4518,4221,train
4519,4222,train
4520,4223,train
4521,4224,train
4522,4225,train
4523,4226,unknown
4524,4227,unknown
4525,4228,train
4526,4229,train
4527,4230,unknown
4528,4231,train
4529,4232,train
4530,4233,unknown
4531,4234,train
4532,4235,train
4533,4236,train
4534,4237,unknown
4535,4238,train
4536,4239,train
4537,4240,train
4538,4241,train
4539,4242,unknown
4540,4243,train
4541,4244,unknown
4542,4245,train
4543,4246,train
4544,4247,train
4545,4248,train
4546,4249,train
4547,4250,unknown
4548,4251,unknown
4549,4252,unknown
4550,4253,train
4551,4254,unknown
4552,4255,unknown
4553,4256,train
4554,4257,unknown
4555,4258,unknown
4556,4259,train
4557,4260,train
4558,4261,train
4559,4262,train
4560,4263,train
4561,4264,train
4562,4265,train
4563,4266,train
4564,4267,train
4565,4268,train
4566,4269,train
4567,4270,unknown
4568,4271,train
4569,4272,unknown
4570,4273,train
4571,4274,train
4572,4275,unknown
4573,4276,train
4574,4277,train
4575,4278,train
4576,4279,train
4577,4280,unknown
4578,4281,train
4579,4282,train
4580,4283,train
4581,4284,unknown
4582,4285,train
4583,4286,train
4584,4287,train
4585,4288,train
4586,4289,train
4587,4290,train
4588,4291,unknown
4589,4292,train
4590,4293,unknown
4591,4294,unknown
4592,4295,train
4593,4296,unknown
4594,4297,unknown
4595,4298,unknown
4596,4299,train
4597,4300,train
4598,4301,unknown
4599,4302,unknown
4600,4303,train
4601,4304,unknown
4602,4305,unknown
4603,4306,train
4604,4307,train
4605,4308,train
4606,4309,train
4607,4310,unknown
4608,4311,unknown
4609,4312,train
4610,4313,train
4611,4314,train
4612,4315,train
4613,4316,train
4614,4317,train
4615,4318,train
4616,4319,train
4617,4320,train
4618,4321,train
4619,4322,train
4620,4323,train
4621,4324,train
4622,4325,train
4623,4326,train
4624,4327,train
4625,4328,train
4626,4329,unknown
4627,4330,train
4628,4331,unknown
4629,4332,train
4630,4333,train
4631,4334,train
4632,4335,train
4633,4336,train
4634,4337,train
4635,4338,train
4636,4339,unknown
4637,4340,train
4638,4341,train
4639,4342,train
4640,4343,train
4641,4344,train
4642,4345,train
4643,4346,train
4644,4347,train
4645,4348,train
4646,4349,train
4647,4350,unknown
4648,4351,train
4649,4352,train
4650,4353,train
4651,4354,unknown
4652,4355,train
4653,4356,unknown
4654,4357,train
4655,4358,train
4656,4359,train
4657,4360,train
4658,4361,train
4659,4362,unknown
4660,4363,unknown
4661,4364,train
4662,4365,train
4663,4366,train
4664,4367,train
4665,4368,train
4666,4369,train
4667,4370,train
4668,4371,train
4669,4372,train
4670,4373,train
4671,4374,train
4672,4375,train
4673,4376,train
4674,4377,train
4675,4378,train
4676,4379,train
4677,4380,train
4678,4381,train
4679,4382,unknown
4680,4383,unknown
4681,4384,unknown
4682,4385,train
4683,4386,train
4684,4387,train
4685,4388,unknown
4686,4389,train
4687,4390,train
4688,4391,unknown
4689,4392,train
4690,4393,train
4691,4394,train
4692,4395,train
4693,4396,train
4694,4397,train
4695,4398,train
4696,4399,train
4697,4400,train
4698,4401,train
4699,4402,train
4700,4403,train
4701,4404,train
4702,4405,train
4703,4406,unknown
4704,4407,unknown
4705,4408,train
4706,4409,train
4707,4410,train
4708,4411,unknown
4709,4412,unknown
4710,4413,train
4711,4414,train
4712,4415,train
4713,4416,train
4714,4417,train
4715,4418,train
4716,4419,train
4717,4420,train
4718,4421,train
4719,4422,train
4720,4423,train
4721,4424,train
4722,4425,train
4723,4426,train
4724,4427,train
4725,4428,train
4726,4429,train
4727,4430,train
4728,4431,train
4729,4432,train
4730,4433,unknown
4731,4434,train
4732,4435,train
4733,4436,train
4734,4437,train
4735,4438,unknown
4736,4439,train
4737,4440,unknown
4738,4441,train
4739,4442,train
4740,4443,train
4741,4444,train
4742,4445,train
4743,4446,train
4744,4447,train
4745,4448,unknown
4746,4449,train
4747,4450,train
4748,4451,unknown
4749,4452,train
4750,4453,train
4751,4454,train
4752,4455,train
4753,4456,train
4754,4457,train
4755,4458,train
4756,4459,train
4757,4460,train
4758,4461,unknown
4759,4462,train
4760,4463,train
4761,4464,train
4762,4465,unknown
4763,4466,unknown
4764,4467,unknown
4765,4468,unknown
4766,4469,train
4767,4470,train
4768,4471,unknown
4769,4472,train
4770,4473,unknown
4771,4474,unknown
4772,4475,unknown
4773,4476,train
4774,4477,unknown
4775,4478,train
4776,4479,train
4777,4480,train
4778,4481,train
4779,4482,train
4780,4483,train
4781,4484,unknown
4782,4485,unknown
4783,4486,train
4784,4487,unknown
4785,4488,train
4786,4489,train
4787,4490,train
4788,4491,train
4789,4492,train
4790,4493,train
4791,4494,train
4792,4495,train
4793,4496,unknown
4794,4497,train
4795,4498,train
4796,4499,train
4797,4500,train
4798,4501,train
4799,4502,train
4800,4503,train
4801,4504,train
4802,4505,unknown
4803,4506,train
4804,4507,train
4805,4508,unknown
4806,4509,unknown
4807,4510,train
4808,4511,train
4809,4512,train
4810,4513,train
4811,4514,train
4812,4515,train
4813,4516,train
4814,4517,train
4815,4518,train
4816,4519,train
4817,4520,train
4818,4521,train
4819,4522,train
4820,4523,train
4821,4524,train
4822,4525,train
4823,4526,train
4824,4527,unknown
4825,4528,train
4826,4529,unknown
4827,4530,train
4828,4531,unknown
4829,4532,train
4830,4533,train
4831,4534,unknown
4832,4535,train
4833,4536,train
4834,4537,unknown
4835,4538,train
4836,4539,train
4837,4540,unknown
4838,4541,train
4839,4542,train
4840,4543,train
4841,4544,train
4842,4545,unknown
4843,4546,train
4844,4547,unknown
4845,4548,train
4846,4549,train
4847,4550,train
4848,4551,train
4849,4552,train
4850,4553,train
4851,4554,unknown
4852,4555,unknown
4853,4556,train
4854,4557,train
4855,4558,unknown
4856,4559,train
4857,4560,train
4858,4561,train
4859,4562,unknown
4860,4563,train
4861,4564,train
4862,4565,train
4863,4566,train
4864,4567,train
4865,4568,train
4866,4569,unknown
4867,4570,train
4868,4571,train
4869,4572,train
4870,4573,train
4871,4574,train
4872,4575,train
4873,4576,train
4874,4577,train
4875,4578,train
4876,4579,train
4877,4580,train
4878,4581,train
4879,4582,unknown
4880,4583,train
4881,4584,train
4882,4585,train
4883,4586,train
4884,4587,train
4885,4588,train
4886,4589,train
4887,4590,train
4888,4591,train
4889,4592,unknown
4890,4593,unknown
4891,4594,train
4892,4595,train
4893,4596,train
4894,4597,train
4895,4598,unknown
4896,4599,train
4897,4600,train
4898,4601,train
4899,4602,train
4900,4603,train
4901,4604,train
4902,4605,train
4903,4606,train
4904,4607,train
4905,4608,train
4906,4609,train
4907,4610,train
4908,4611,train
4909,4612,train
4910,4613,train
4911,4614,train
4912,4615,train
4913,4616,train
4914,4617,train
4915,4618,train
4916,4619,unknown
4917,4620,train
4918,4621,unknown
4919,4622,unknown
4920,4623,train
4921,4624,train
4922,4625,train
4923,4626,train
4924,4627,train
4925,4628,train
4926,4629,train
4927,4630,unknown
4928,4631,train
4929,4632,train
4930,4633,unknown
4931,4634,train
4932,4635,train
4933,4636,train
4934,4637,train
4935,4638,train
4936,4639,train
4937,4640,train
4938,4641,train
4939,4642,train
4940,4643,unknown
4941,4644,train
4942,4645,train
4943,4646,train
4944,4647,train
4945,4648,train
4946,4649,train
4947,4650,train
4948,4651,train
4949,4652,train
4950,4653,train
4951,4654,train
4952,4655,unknown
4953,4656,train
4954,4657,unknown
4955,4658,unknown
4956,4659,train
4957,4660,train
4958,4661,train
4959,4662,train
4960,4663,train
4961,4664,train
4962,4665,train
4963,4666,train
4964,4667,train
4965,4668,unknown
4966,4669,train
4967,4670,train
4968,4671,train
4969,4672,train
4970,4673,train
4971,4674,train
4972,4675,train
4973,4676,train
4974,4677,train
4975,4678,unknown
4976,4679,unknown
4977,4680,train
4978,4681,train
4979,4682,unknown
4980,4683,train
4981,4684,train
4982,4685,train
4983,4686,unknown
4984,4687,train
4985,4688,train
4986,4689,train
4987,4690,train
4988,4691,train
4989,4692,train
4990,4693,train
4991,4694,train
4992,4695,unknown
4993,4696,train
4994,4697,train
4995,4698,train
4996,4699,unknown
4997,4700,unknown
4998,4701,train
4999,4702,train
5000,4703,unknown
5001,4704,train
5002,4705,train
5003,4706,train
5004,4707,train
5005,4708,train
5006,4709,unknown
5007,4710,unknown
5008,4711,train
5009,4712,unknown
5010,4713,train
5011,4714,train
5012,4715,unknown
5013,4716,train
5014,4717,unknown
5015,4718,train
5016,4719,train
5017,4720,train
5018,4721,train
5019,4722,train
5020,4723,train
5021,4724,unknown
5022,4725,train
5023,4726,train
5024,4727,train
5025,4728,train
5026,4729,train
5027,4730,train
5028,4731,train
5029,4732,train
5030,4733,train
5031,4734,train
5032,4735,train
5033,4736,train
5034,4737,train
5035,4738,train
5036,4739,unknown
5037,4740,train
5038,4741,unknown
5039,4742,train
5040,4743,train
5041,4744,train
5042,4745,train
5043,4746,unknown
5044,4747,unknown
5045,4748,unknown
5046,4749,train
5047,4750,train
5048,4751,train
5049,4752,train
5050,4753,unknown
5051,4754,train
5052,4755,train
5053,4756,train
5054,4757,train
5055,4758,train
5056,4759,train
5057,4760,train
5058,4761,train
5059,4762,train
5060,4763,unknown
5061,4764,train
5062,4765,train
5063,4766,train
5064,4767,train
5065,4768,train
5066,4769,train
5067,4770,train
5068,4771,train
5069,4772,train
5070,4773,train
5071,4774,train
5072,4775,train
5073,4776,train
5074,4777,train
5075,4778,train
5076,4779,unknown
5077,4780,unknown
5078,4781,unknown
5079,4782,train
5080,4783,train
5081,4784,unknown
5082,4785,train
5083,4786,train
5084,4787,train
5085,4788,train
5086,4789,train
5087,4790,train
5088,4791,train
5089,4792,train
5090,4793,train
5091,4794,train
5092,4795,unknown
5093,4796,train
5094,4797,train
5095,4798,train
5096,4799,unknown
5097,4800,train
5098,4801,unknown
5099,4802,train
5100,4803,unknown
5101,4804,train
5102,4805,train
5103,4806,train
5104,4807,train
5105,4808,train
5106,4809,train
5107,4810,train
5108,4811,train
5109,4812,train
5110,4813,train
5111,4814,unknown
5112,4815,train
5113,4816,train
5114,4817,train
5115,4818,train
5116,4819,unknown
5117,4820,train
5118,4821,train
5119,4822,train
5120,4823,train
5121,4824,train
5122,4825,train
5123,4826,train
5124,4827,train
5125,4828,unknown
5126,4829,unknown
5127,4830,train
5128,4831,train
5129,4832,train
5130,4833,train
5131,4834,train
5132,4835,train
5133,4836,train
5134,4837,train
5135,4838,train
5136,4839,train
5137,4840,train
5138,4841,train
5139,4842,train
5140,4843,train
5141,4844,unknown
5142,4845,unknown
5143,4846,train
5144,4847,train
5145,4848,train
5146,4849,unknown
5147,4850,train
5148,4851,unknown
5149,4852,train
5150,4853,train
5151,4854,train
5152,4855,train
5153,4856,train
5154,4857,train
5155,4858,train
5156,4859,train
5157,4860,train
5158,4861,train
5159,4862,train
5160,4863,unknown
5161,4864,unknown
5162,4865,train
5163,4866,train
5164,4867,train
5165,4868,train
5166,4869,train
5167,4870,train
5168,4871,train
5169,4872,train
5170,4873,unknown
5171,4874,train
5172,4875,train
5173,4876,train
5174,4877,train
5175,4878,unknown
5176,4879,train
5177,4880,train
5178,4881,train
5179,4882,train
5180,4883,train
5181,4884,train
5182,4885,train
5183,4886,train
5184,4887,train
5185,4888,train
5186,4889,train
5187,4890,train
5188,4891,train
5189,4892,train
5190,4893,train
5191,4894,train
5192,4895,train
5193,4896,train
5194,4897,train
5195,4898,train
5196,4899,unknown
5197,4900,unknown
5198,4901,train
5199,4902,unknown
5200,4903,train
5201,4904,train
5202,4905,train
5203,4906,train
5204,4907,train
5205,4908,train
5206,4909,train
5207,4910,train
5208,4911,train
5209,4912,train
5210,4913,train
5211,4914,unknown
5212,4915,train
5213,4916,train
5214,4917,train
5215,4918,train
5216,4919,train
5217,4920,unknown
5218,4921,train
5219,4922,train
5220,4923,train
5221,4924,unknown
5222,4925,train
5223,4926,train
5224,4927,train
5225,4928,unknown
5226,4929,train
5227,4930,train
5228,4931,train
5229,4932,train
5230,4933,train
5231,4934,unknown
5232,4935,train
5233,4936,unknown
5234,4937,train
5235,4938,unknown
5236,4939,train
5237,4940,unknown
5238,4941,train
5239,4942,unknown
5240,4943,train
5241,4944,unknown
5242,4945,unknown
5243,4946,unknown
5244,4947,unknown
5245,4948,train
5246,4949,train
5247,4950,train
5248,4951,train
5249,4952,train
5250,4953,train
5251,4954,train
5252,4955,train
5253,4956,train
5254,4957,train
5255,4958,unknown
5256,4959,train
5257,4960,unknown
5258,4961,train
5259,4962,train
5260,4963,train
5261,4964,unknown
5262,4965,train
5263,4966,train
5264,4967,unknown
5265,4968,train
5266,4969,train
5267,4970,train
5268,4971,train
5269,4972,train
5270,4973,train
5271,4974,train
5272,4975,train
5273,4976,train
5274,4977,train
5275,4978,train
5276,4979,unknown
5277,4980,train
5278,4981,unknown
5279,4982,train
5280,4983,train
5281,4984,train
5282,4985,unknown
5283,4986,train
5284,4987,unknown
5285,4988,train
5286,4989,train
5287,4990,train
5288,4991,unknown
5289,4992,unknown
5290,4993,train
5291,4994,train
5292,4995,train
5293,4996,train
5294,4997,train
5295,4998,train
5296,4999,train
5297,5000,train
5298,5001,train
5299,5002,train
5300,5003,unknown
5301,5004,unknown
5302,5005,train
5303,5006,train
5304,5007,train
5305,5008,train
5306,5009,train
5307,5010,train
5308,5011,train
5309,5012,train
5310,5013,unknown
5311,5014,train
5312,5015,train
5313,5016,train
5314,5017,train
5315,5018,train
5316,5019,train
5317,5020,train
5318,5021,train
5319,5022,train
5320,5023,train
5321,5024,train
5322,5025,unknown
5323,5026,train
5324,5027,train
5325,5028,unknown
5326,5029,train
5327,5030,train
5328,5031,train
5329,5032,unknown
5330,5033,train
5331,5034,train
5332,5035,train
5333,5036,train
5334,5037,train
5335,5038,train
5336,5039,train
5337,5040,train
5338,5041,train
5339,5042,train
5340,5043,train
5341,5044,train
5342,5045,unknown
5343,5046,train
5344,5047,train
5345,5048,unknown
5346,5049,train
5347,5050,train
5348,5051,train
5349,5052,unknown
5350,5053,train
5351,5054,unknown
5352,5055,train
5353,5056,unknown
5354,5057,train
5355,5058,train
5356,5059,train
5357,5060,train
5358,5061,train
5359,5062,train
5360,5063,train
5361,5064,train
5362,5065,train
5363,5066,train
5364,5067,train
5365,5068,train
5366,5069,unknown
5367,5070,unknown
5368,5071,train
5369,5072,train
5370,5073,train
5371,5074,train
5372,5075,train
5373,5076,train
5374,5077,train
5375,5078,train
5376,5079,unknown
5377,5080,train
5378,5081,train
5379,5082,train
5380,5083,unknown
5381,5084,train
5382,5085,train
5383,5086,train
5384,5087,train
5385,5088,unknown
5386,5089,train
5387,5090,train
5388,5091,train
5389,5092,train
5390,5093,train
5391,5094,unknown
5392,5095,train
5393,5096,train
5394,5097,unknown
5395,5098,train
5396,5099,train
5397,5100,unknown
5398,5101,train
5399,5102,train
5400,5103,train
5401,5104,train
5402,5105,unknown
5403,5106,train
5404,5107,unknown
5405,5108,train
5406,5109,train
5407,5110,train
5408,5111,train
5409,5112,train
5410,5113,train
5411,5114,train
5412,5115,unknown
5413,5116,train
5414,5117,train
5415,5118,train
5416,5119,train
5417,5120,train
5418,5121,train
5419,5122,unknown
5420,5123,train
5421,5124,train
5422,5125,unknown
5423,5126,train
5424,5127,train
5425,5128,unknown
5426,5129,train
5427,5130,train
5428,5131,train
5429,5132,unknown
5430,5133,train
5431,5134,train
5432,5135,train
5433,5136,train
5434,5137,train
5435,5138,train
5436,5139,train
5437,5140,train
5438,5141,train
5439,5142,train
5440,5143,train
5441,5144,unknown
5442,5145,train
5443,5146,train
5444,5147,train
5445,5148,train
5446,5149,train
5447,5150,unknown
5448,5151,train
5449,5152,train
5450,5153,train
5451,5154,train
5452,5155,train
5453,5156,train
5454,5157,unknown
5455,5158,train
5456,5159,unknown
5457,5160,train
5458,5161,train
5459,5162,train
5460,5163,train
5461,5164,train
5462,5165,unknown
5463,5166,train
5464,5167,train
5465,5168,train
5466,5169,train
5467,5170,train
5468,5171,train
5469,5172,unknown
5470,5173,unknown
5471,5174,train
5472,5175,train
5473,5176,unknown
5474,5177,train
5475,5178,unknown
5476,5179,unknown
5477,5180,train
5478,5181,train
5479,5182,train
5480,5183,unknown
5481,5184,train
5482,5185,train
5483,5186,train
5484,5187,unknown
5485,5188,train
5486,5189,train
5487,5190,train
5488,5191,train
5489,5192,train
5490,5193,train
5491,5194,train
5492,5195,train
5493,5196,train
5494,5197,train
5495,5198,train
5496,5199,train
5497,5200,train
5498,5201,train
5499,5202,unknown
5500,5203,unknown
5501,5204,train
5502,5205,train
5503,5206,unknown
5504,5207,train
5505,5208,train
5506,5209,train
5507,5210,train
5508,5211,train
5509,5212,unknown
5510,5213,unknown
5511,5214,train
5512,5215,train
5513,5216,train
5514,5217,unknown
5515,5218,train
5516,5219,train
5517,5220,train
5518,5221,train
5519,5222,unknown
5520,5223,unknown
5521,5224,train
5522,5225,train
5523,5226,train
5524,5227,train
5525,5228,train
5526,5229,train
5527,5230,train
5528,5231,unknown
5529,5232,train
5530,5233,train
5531,5234,unknown
5532,5235,unknown
5533,5236,train
5534,5237,train
5535,5238,train
5536,5239,train
5537,5240,train
5538,5241,train
5539,5242,train
5540,5243,train
5541,5244,unknown
5542,5245,train
5543,5246,unknown
5544,5247,train
5545,5248,train
5546,5249,train
5547,5250,train
5548,5251,train
5549,5252,train
5550,5253,train
5551,5254,train
5552,5255,train
5553,5256,unknown
5554,5257,train
5555,5258,train
5556,5259,train
5557,5260,train
5558,5261,train
5559,5262,train
5560,5263,train
5561,5264,train
5562,5265,train
5563,5266,train
5564,5267,unknown
5565,5268,train
5566,5269,train
5567,5270,train
5568,5271,train
5569,5272,train
5570,5273,train
5571,5274,train
5572,5275,train
5573,5276,train
5574,5277,train
5575,5278,train
5576,5279,train
5577,5280,unknown
5578,5281,train
5579,5282,train
5580,5283,train
5581,5284,unknown
5582,5285,train
5583,5286,train
5584,5287,train
5585,5288,unknown
5586,5289,train
5587,5290,train
5588,5291,train
5589,5292,train
5590,5293,unknown
5591,5294,train
5592,5295,train
5593,5296,unknown
5594,5297,train
5595,5298,train
5596,5299,train
5597,5300,train
5598,5301,train
5599,5302,unknown
5600,5303,train
5601,5304,unknown
5602,5305,train
5603,5306,train
5604,5307,train
5605,5308,train
5606,5309,train
5607,5310,unknown
5608,5311,unknown
5609,5312,train
5610,5313,train
5611,5314,unknown
5612,5315,unknown
5613,5316,train
5614,5317,train
5615,5318,train
5616,5319,train
5617,5320,train
5618,5321,train
5619,5322,train
5620,5323,train
5621,5324,train
5622,5325,unknown
5623,5326,train
5624,5327,train
5625,5328,train
5626,5329,train
5627,5330,train
5628,5331,train
5629,5332,train
5630,5333,train
5631,5334,train
5632,5335,train
5633,5336,train
5634,5337,train
5635,5338,train
5636,5339,unknown
5637,5340,train
5638,5341,train
5639,5342,train
5640,5343,train
5641,5344,unknown
5642,5345,unknown
5643,5346,train
5644,5347,train
5645,5348,train
5646,5349,train
5647,5350,train
5648,5351,train
5649,5352,train
5650,5353,train
5651,5354,unknown
5652,5355,train
5653,5356,train
5654,5357,unknown
5655,5358,train
5656,5359,train
5657,5360,train
5658,5361,unknown
5659,5362,train
5660,5363,train
5661,5364,train
5662,5365,train
5663,5366,train
5664,5367,train
5665,5368,train
5666,5369,train
5667,5370,train
5668,5371,train
5669,5372,train
5670,5373,train
5671,5374,train
5672,5375,train
5673,5376,unknown
5674,5377,train
5675,5378,train
5676,5379,unknown
5677,5380,train
5678,5381,train
5679,5382,train
5680,5383,train
5681,5384,train
5682,5385,train
5683,5386,train
5684,5387,train
5685,5388,train
5686,5389,train
5687,5390,train
5688,5391,unknown
5689,5392,train
5690,5393,unknown
5691,5394,train
5692,5395,train
5693,5396,train
5694,5397,unknown
5695,5398,train
5696,5399,unknown
5697,5400,train
5698,5401,train
5699,5402,train
5700,5403,train
5701,5404,train
5702,5405,unknown
5703,5406,unknown
5704,5407,train
5705,5408,train
5706,5409,train
5707,5410,train
5708,5411,train
5709,5412,train
5710,5413,unknown
5711,5414,train
5712,5415,train
5713,5416,train
5714,5417,train
5715,5418,train
5716,5419,train
5717,5420,train
5718,5421,train
5719,5422,train
5720,5423,train
5721,5424,train
5722,5425,unknown
5723,5426,unknown
5724,5427,train
5725,5428,train
5726,5429,unknown
5727,5430,train
5728,5431,unknown
5729,5432,unknown
5730,5433,train
5731,5434,unknown
5732,5435,train
5733,5436,train
5734,5437,train
5735,5438,train
5736,5439,train
5737,5440,unknown
5738,5441,train
5739,5442,train
5740,5443,train
5741,5444,train
5742,5445,train
5743,5446,train
5744,5447,unknown
5745,5448,train
5746,5449,train
5747,5450,train
5748,5451,train
5749,5452,train
5750,5453,train
5751,5454,train
5752,5455,unknown
5753,5456,train
5754,5457,train
5755,5458,train
5756,5459,train
5757,5460,train
5758,5461,train
5759,5462,train
5760,5463,train
5761,5464,train
5762,5465,train
5763,5466,train
5764,5467,train
5765,5468,train
5766,5469,train
5767,5470,train
5768,5471,train
5769,5472,train
5770,5473,train
5771,5474,train
5772,5475,train
5773,5476,train
5774,5477,train
5775,5478,train
5776,5479,train
5777,5480,train
5778,5481,train
5779,5482,train
5780,5483,train
5781,5484,train
5782,5485,train
5783,5486,unknown
5784,5487,train
5785,5488,train
5786,5489,train
5787,5490,train
5788,5491,train
5789,5492,train
5790,5493,train
5791,5494,train
5792,5495,train
5793,5496,train
5794,5497,train
5795,5498,train
5796,5499,train
5797,5500,train
5798,5501,unknown
5799,5502,train
5800,5503,train
5801,5504,unknown
5802,5505,train
5803,5506,train
5804,5507,train
5805,5508,train
5806,5509,train
5807,5510,train
5808,5511,unknown
5809,5512,train
5810,5513,train
5811,5514,train
5812,5515,unknown
5813,5516,train
5814,5517,train
5815,5518,train
5816,5519,unknown
5817,5520,train
5818,5521,train
5819,5522,train
5820,5523,train
5821,5524,train
5822,5525,train
5823,5526,train
5824,5527,train
5825,5528,train
5826,5529,unknown
5827,5530,train
5828,5531,train
5829,5532,unknown
5830,5533,train
5831,5534,train
5832,5535,train
5833,5536,train
5834,5537,train
5835,5538,train
5836,5539,train
5837,5540,train
5838,5541,train
5839,5542,train
5840,5543,train
5841,5544,unknown
5842,5545,train
5843,5546,train
5844,5547,unknown
5845,5548,train
5846,5549,train
5847,5550,train
5848,5551,train
5849,5552,train
5850,5553,train
5851,5554,unknown
5852,5555,train
5853,5556,train
5854,5557,unknown
5855,5558,train
5856,5559,train
5857,5560,train
5858,5561,train
5859,5562,train
5860,5563,unknown
5861,5564,train
5862,5565,unknown
5863,5566,train
5864,5567,train
5865,5568,train
5866,5569,train
5867,5570,train
5868,5571,train
5869,5572,train
5870,5573,train
5871,5574,train
5872,5575,train
5873,5576,unknown
5874,5577,train
5875,5578,train
5876,5579,train
5877,5580,train
5878,5581,unknown
5879,5582,train
5880,5583,train
5881,5584,train
5882,5585,train
5883,5586,unknown
5884,5587,train
5885,5588,train
5886,5589,train
5887,5590,train
5888,5591,train
5889,5592,unknown
5890,5593,train
5891,5594,train
5892,5595,train
5893,5596,train
5894,5597,train
5895,5598,train
5896,5599,train
5897,5600,train
5898,5601,train
5899,5602,train
5900,5603,unknown
5901,5604,train
5902,5605,train
5903,5606,train
5904,5607,train
5905,5608,train
5906,5609,train
5907,5610,train
5908,5611,unknown
5909,5612,unknown
5910,5613,train
5911,5614,unknown
5912,5615,train
5913,5616,train
5914,5617,unknown
5915,5618,train
5916,5619,train
5917,5620,train
5918,5621,train
5919,5622,unknown
5920,5623,train
5921,5624,train
5922,5625,unknown
5923,5626,train
5924,5627,train
5925,5628,train
5926,5629,train
5927,5630,train
5928,5631,unknown
5929,5632,train
5930,5633,unknown
5931,5634,train
5932,5635,train
5933,5636,train
5934,5637,train
5935,5638,train
5936,5639,train
5937,5640,train
5938,5641,train
5939,5642,unknown
5940,5643,train
5941,5644,train
5942,5645,train
5943,5646,train
5944,5647,train
5945,5648,train
5946,5649,train
5947,5650,unknown
5948,5651,train
5949,5652,unknown
5950,5653,unknown
5951,5654,train
5952,5655,train
5953,5656,train
5954,5657,train
5955,5658,train
5956,5659,train
5957,5660,unknown
5958,5661,unknown
5959,5662,unknown
5960,5663,train
5961,5664,train
5962,5665,train
5963,5666,train
5964,5667,train
5965,5668,train
5966,5669,train
5967,5670,unknown
5968,5671,train
5969,5672,unknown
5970,5673,unknown
5971,5674,train
5972,5675,unknown
5973,5676,train
5974,5677,train
5975,5678,unknown
5976,5679,train
5977,5680,train
5978,5681,train
5979,5682,train
5980,5683,unknown
5981,5684,unknown
5982,5685,train
5983,5686,train
5984,5687,train
5985,5688,unknown
5986,5689,train
5987,5690,unknown
5988,5691,train
5989,5692,train
5990,5693,unknown
5991,5694,train
5992,5695,train
5993,5696,train
5994,5697,train
5995,5698,train
5996,5699,unknown
5997,5700,train
5998,5701,train
5999,5702,train
6000,5703,train
6001,5704,train
6002,5705,train
6003,5706,train
6004,5707,unknown
6005,5708,train
6006,5709,train
6007,5710,train
6008,5711,train
6009,5712,train
6010,5713,train
6011,5714,train
6012,5715,train
6013,5716,unknown
6014,5717,train
6015,5718,train
6016,5719,train
6017,5720,unknown
6018,5721,train
6019,5722,train
6020,5723,train
6021,5724,train
6022,5725,train
6023,5726,train
6024,5727,train
6025,5728,train
6026,5729,train
6027,5730,train
6028,5731,train
6029,5732,unknown
6030,5733,train
6031,5734,unknown
6032,5735,unknown
6033,5736,train
6034,5737,train
6035,5738,train
6036,5739,train
6037,5740,unknown
6038,5741,unknown
6039,5742,train
6040,5743,train
6041,5744,train
6042,5745,train
6043,5746,train
6044,5747,train
6045,5748,unknown
6046,5749,train
6047,5750,train
6048,5751,train
6049,5752,train
6050,5753,train
6051,5754,train
6052,5755,train
6053,5756,train
6054,5757,train
6055,5758,unknown
6056,5759,train
6057,5760,train
6058,5761,train
6059,5762,train
6060,5763,train
6061,5764,train
6062,5765,train
6063,5766,train
6064,5767,train
6065,5768,train
6066,5769,train
6067,5770,train
6068,5771,train
6069,5772,train
6070,5773,train
6071,5774,train
6072,5775,train
6073,5776,unknown
6074,5777,train
6075,5778,train
6076,5779,train
6077,5780,train
6078,5781,train
6079,5782,train
6080,5783,train
6081,5784,train
6082,5785,train
6083,5786,train
6084,5787,train
6085,5788,unknown
6086,5789,train
6087,5790,train
6088,5791,train
6089,5792,unknown
6090,5793,train
6091,5794,train
6092,5795,train
6093,5796,train
6094,5797,train
6095,5798,train
6096,5799,train
6097,5800,train
6098,5801,train
6099,5802,train
6100,5803,unknown
6101,5804,train
6102,5805,train
6103,5806,train
6104,5807,train
6105,5808,unknown
6106,5809,train
6107,5810,unknown
6108,5811,train
6109,5812,train
6110,5813,unknown
6111,5814,train
6112,5815,train
6113,5816,train
6114,5817,unknown
6115,5818,train
6116,5819,train
6117,5820,train
6118,5821,unknown
6119,5822,train
6120,5823,train
6121,5824,unknown
6122,5825,unknown
6123,5826,train
6124,5827,train
6125,5828,train
6126,5829,train
6127,5830,unknown
6128,5831,unknown
6129,5832,train
6130,5833,unknown
6131,5834,train
6132,5835,train
6133,5836,train
6134,5837,train
6135,5838,train
6136,5839,train
6137,5840,train
6138,5841,train
6139,5842,train
6140,5843,unknown
6141,5844,train
6142,5845,train
6143,5846,unknown
6144,5847,train
6145,5848,train
6146,5849,unknown
6147,5850,train
6148,5851,unknown
6149,5852,unknown
6150,5853,unknown
6151,5854,train
6152,5855,train
6153,5856,unknown
6154,5857,train
6155,5858,train
6156,5859,train
6157,5860,train
6158,5861,train
6159,5862,train
6160,5863,train
6161,5864,train
6162,5865,train
6163,5866,train
6164,5867,train
6165,5868,train
6166,5869,train
6167,5870,train
6168,5871,unknown
6169,5872,unknown
6170,5873,train
6171,5874,train
6172,5875,train
6173,5876,train
6174,5877,train
6175,5878,train
6176,5879,train
6177,5880,train
6178,5881,train
6179,5882,train
6180,5883,train
6181,5884,train
6182,5885,train
6183,5886,train
6184,5887,train
6185,5888,train
6186,5889,unknown
6187,5890,train
6188,5891,train
6189,5892,train
6190,5893,train
6191,5894,train
6192,5895,train
6193,5896,train
6194,5897,train
6195,5898,train
6196,5899,train
6197,5900,train
6198,5901,train
6199,5902,train
6200,5903,unknown
6201,5904,train
6202,5905,train
6203,5906,train
6204,5907,train
6205,5908,unknown
6206,5909,train
6207,5910,train
6208,5911,train
6209,5912,train
6210,5913,train
6211,5914,train
6212,5915,train
6213,5916,train
6214,5917,train
6215,5918,unknown
6216,5919,unknown
6217,5920,train
6218,5921,train
6219,5922,train
6220,5923,train
6221,5924,train
6222,5925,train
6223,5926,train
6224,5927,train
6225,5928,train
6226,5929,train
6227,5930,train
6228,5931,train
6229,5932,train
6230,5933,train
6231,5934,train
6232,5935,train
6233,5936,train
6234,5937,train
6235,5938,train
6236,5939,train
6237,5940,train
6238,5941,unknown
6239,5942,train
6240,5943,train
6241,5944,train
6242,5945,train
6243,5946,train
6244,5947,unknown
6245,5948,train
6246,5949,train
6247,5950,train
6248,5951,train
6249,5952,unknown
6250,5953,train
6251,5954,unknown
6252,5955,train
6253,5956,unknown
6254,5957,train
6255,5958,train
6256,5959,unknown
6257,5960,train
6258,5961,train
6259,5962,train
6260,5963,train
6261,5964,unknown
6262,5965,train
6263,5966,train
6264,5967,train
6265,5968,unknown
6266,5969,train
6267,5970,train
6268,5971,train
6269,5972,train
6270,5973,unknown
6271,5974,train
6272,5975,train
6273,5976,unknown
6274,5977,train
6275,5978,train
6276,5979,unknown
6277,5980,train
6278,5981,train
6279,5982,train
6280,5983,unknown
6281,5984,unknown
6282,5985,train
6283,5986,train
6284,5987,train
6285,5988,train
6286,5989,unknown
6287,5990,train
6288,5991,train
6289,5992,train
6290,5993,train
6291,5994,train
6292,5995,train
6293,5996,train
6294,5997,train
6295,5998,train
6296,5999,train
6297,6000,train
6298,6001,train
6299,6002,unknown
6300,6003,unknown
6301,6004,train
6302,6005,unknown
6303,6006,train
6304,6007,train
6305,6008,train
6306,6009,train
6307,6010,train
6308,6011,train
6309,6012,train
6310,6013,train
6311,6014,train
6312,6015,train
6313,6016,train
6314,6017,train
6315,6018,unknown
6316,6019,train
6317,6020,train
6318,6021,unknown
6319,6022,train
6320,6023,unknown
6321,6024,train
6322,6025,train
6323,6026,train
6324,6027,train
6325,6028,train
6326,6029,train
6327,6030,train
6328,6031,train
6329,6032,unknown
6330,6033,train
6331,6034,unknown
6332,6035,train
6333,6036,unknown
6334,6037,train
6335,6038,train
6336,6039,train
6337,6040,train
6338,6041,train
6339,6042,train
6340,6043,train
6341,6044,train
6342,6045,unknown
6343,6046,train
6344,6047,train
6345,6048,train
6346,6049,train
6347,6050,train
6348,6051,train
6349,6052,train
6350,6053,train
6351,6054,unknown
6352,6055,train
6353,6056,train
6354,6057,train
6355,6058,train
6356,6059,train
6357,6060,train
6358,6061,train
6359,6062,train
6360,6063,unknown
6361,6064,train
6362,6065,train
6363,6066,train
6364,6067,unknown
6365,6068,train
6366,6069,train
6367,6070,train
6368,6071,train
6369,6072,train
6370,6073,unknown
6371,6074,train
6372,6075,train
6373,6076,train
6374,6077,train
6375,6078,train
6376,6079,train
6377,6080,train
6378,6081,train
6379,6082,train
6380,6083,train
6381,6084,train
6382,6085,train
6383,6086,train
6384,6087,train
6385,6088,train
6386,6089,train
6387,6090,train
6388,6091,train
6389,6092,train
6390,6093,unknown
6391,6094,train
6392,6095,train
6393,6096,unknown
6394,6097,train
6395,6098,train
6396,6099,train
6397,6100,train
6398,6101,train
6399,6102,train
6400,6103,unknown
6401,6104,train
6402,6105,unknown
6403,6106,train
6404,6107,train
6405,6108,train
6406,6109,train
6407,6110,train
6408,6111,train
6409,6112,train
6410,6113,train
6411,6114,train
6412,6115,train
6413,6116,train
6414,6117,train
6415,6118,train
6416,6119,train
6417,6120,train
6418,6121,train
6419,6122,train
6420,6123,train
6421,6124,unknown
6422,6125,train
6423,6126,unknown
6424,6127,train
6425,6128,train
6426,6129,train
6427,6130,train
6428,6131,train
6429,6132,train
6430,6133,train
6431,6134,train
6432,6135,train
6433,6136,train
6434,6137,train
6435,6138,train
6436,6139,train
6437,6140,unknown
6438,6141,unknown
6439,6142,train
6440,6143,train
6441,6144,train
6442,6145,unknown
6443,6146,train
6444,6147,train
6445,6148,train
6446,6149,unknown
6447,6150,train
6448,6151,train
6449,6152,train
6450,6153,train
6451,6154,train
6452,6155,unknown
6453,6156,unknown
6454,6157,train
6455,6158,train
6456,6159,unknown
6457,6160,train
6458,6161,train
6459,6162,train
6460,6163,unknown
6461,6164,train
6462,6165,train
6463,6166,train
6464,6167,train
6465,6168,train
6466,6169,train
6467,6170,unknown
6468,6171,train
6469,6172,train
6470,6173,train
6471,6174,train
6472,6175,train
6473,6176,train
6474,6177,train
6475,6178,unknown
6476,6179,train
6477,6180,train
6478,6181,train
6479,6182,unknown
6480,6183,train
6481,6184,train
6482,6185,train
6483,6186,train
6484,6187,train
6485,6188,train
6486,6189,train
6487,6190,train
6488,6191,train
6489,6192,unknown
6490,6193,train
6491,6194,train
6492,6195,train
6493,6196,train
6494,6197,unknown
6495,6198,train
6496,6199,train
6497,6200,train
6498,6201,train
6499,6202,train
6500,6203,train
6501,6204,train
6502,6205,train
6503,6206,train
6504,6207,train
6505,6208,unknown
6506,6209,train
6507,6210,train
6508,6211,train
6509,6212,train
6510,6213,train
6511,6214,unknown
6512,6215,unknown
6513,6216,train
6514,6217,train
6515,6218,train
6516,6219,train
6517,6220,unknown
6518,6221,train
6519,6222,train
6520,6223,train
6521,6224,train
6522,6225,train
6523,6226,unknown
6524,6227,train
6525,6228,train
6526,6229,train
6527,6230,train
6528,6231,train
6529,6232,unknown
6530,6233,train
6531,6234,train
6532,6235,train
6533,6236,train
6534,6237,train
6535,6238,train
6536,6239,train
6537,6240,train
6538,6241,unknown
6539,6242,unknown
6540,6243,train
6541,6244,train
6542,6245,train
6543,6246,train
6544,6247,unknown
6545,6248,unknown
6546,6249,train
6547,6250,train
6548,6251,train
6549,6252,train
6550,6253,train
6551,6254,train
6552,6255,train
6553,6256,train
6554,6257,train
6555,6258,train
6556,6259,train
6557,6260,train
6558,6261,train
6559,6262,train
6560,6263,train
6561,6264,train
6562,6265,unknown
6563,6266,train
6564,6267,train
6565,6268,unknown
6566,6269,train
6567,6270,unknown
6568,6271,train
6569,6272,unknown
6570,6273,unknown
6571,6274,train
6572,6275,train
6573,6276,unknown
6574,6277,train
6575,6278,train
6576,6279,train
6577,6280,train
6578,6281,unknown
6579,6282,train
6580,6283,train
6581,6284,train
6582,6285,train
6583,6286,train
6584,6287,train
6585,6288,train
6586,6289,train
6587,6290,train
6588,6291,train
6589,6292,train
6590,6293,train
6591,6294,train
6592,6295,train
6593,6296,train
6594,6297,train
6595,6298,train
6596,6299,train
6597,6300,train
6598,6301,train
6599,6302,train
6600,6303,train
6601,6304,train
6602,6305,unknown
6603,6306,train
6604,6307,train
6605,6308,train
6606,6309,train
6607,6310,train
6608,6311,train
6609,6312,train
6610,6313,train
6611,6314,unknown
6612,6315,train
6613,6316,train
6614,6317,train
6615,6318,train
6616,6319,train
6617,6320,train
6618,6321,unknown
6619,6322,unknown
6620,6323,unknown
6621,6324,train
6622,6325,train
6623,6326,train
6624,6327,train
6625,6328,train
6626,6329,train
6627,6330,train
6628,6331,train
6629,6332,train
6630,6333,train
6631,6334,train
6632,6335,unknown
6633,6336,train
6634,6337,train
6635,6338,train
6636,6339,train
6637,6340,unknown
6638,6341,train
6639,6342,train
6640,6343,train
6641,6344,train
6642,6345,unknown
6643,6346,train
6644,6347,unknown
6645,6348,train
6646,6349,train
6647,6350,unknown
6648,6351,unknown
6649,6352,unknown
6650,6353,train
6651,6354,train
6652,6355,train
6653,6356,train
6654,6357,unknown
6655,6358,train
6656,6359,train
6657,6360,train
6658,6361,train
6659,6362,train
6660,6363,train
6661,6364,train
6662,6365,train
6663,6366,train
6664,6367,unknown
6665,6368,train
6666,6369,train
6667,6370,train
6668,6371,unknown
6669,6372,train
6670,6373,train
6671,6374,train
6672,6375,train
6673,6376,train
6674,6377,train
6675,6378,train
6676,6379,train
6677,6380,train
6678,6381,train
6679,6382,train
6680,6383,unknown
6681,6384,train
6682,6385,unknown
6683,6386,train
6684,6387,train
6685,6388,train
6686,6389,unknown
6687,6390,unknown
6688,6391,train
6689,6392,train
6690,6393,train
6691,6394,train
6692,6395,unknown
6693,6396,train
6694,6397,train
6695,6398,train
6696,6399,train
6697,6400,train
6698,6401,train
6699,6402,unknown
6700,6403,train
6701,6404,train
6702,6405,train
6703,6406,unknown
6704,6407,train
6705,6408,train
6706,6409,train
6707,6410,train
6708,6411,train
6709,6412,train
6710,6413,unknown
6711,6414,train
6712,6415,train
6713,6416,train
6714,6417,train
6715,6418,train
6716,6419,train
6717,6420,train
6718,6421,train
6719,6422,train
6720,6423,train
6721,6424,train
6722,6425,train
6723,6426,unknown
6724,6427,train
6725,6428,train
6726,6429,train
6727,6430,train
6728,6431,unknown
6729,6432,train
6730,6433,train
6731,6434,train
6732,6435,train
6733,6436,train
6734,6437,train
6735,6438,train
6736,6439,train
6737,6440,train
6738,6441,train
6739,6442,unknown
6740,6443,train
6741,6444,train
6742,6445,unknown
6743,6446,train
6744,6447,train
6745,6448,train
6746,6449,unknown
6747,6450,train
6748,6451,train
6749,6452,train
6750,6453,train
6751,6454,train
6752,6455,unknown
6753,6456,train
6754,6457,train
6755,6458,train
6756,6459,train
6757,6460,train
6758,6461,unknown
6759,6462,unknown
6760,6463,train
6761,6464,unknown
6762,6465,train
6763,6466,train
6764,6467,unknown
6765,6468,train
6766,6469,train
6767,6470,train
6768,6471,train
6769,6472,train
6770,6473,train
6771,6474,train
6772,6475,train
6773,6476,train
6774,6477,train
6775,6478,unknown
6776,6479,train
6777,6480,train
6778,6481,train
6779,6482,unknown
6780,6483,train
6781,6484,train
6782,6485,train
6783,6486,train
6784,6487,train
6785,6488,unknown
6786,6489,train
6787,6490,train
6788,6491,train
6789,6492,unknown
6790,6493,train
6791,6494,train
6792,6495,train
6793,6496,train
6794,6497,train
6795,6498,train
6796,6499,train
6797,6500,train
6798,6501,train
6799,6502,unknown
6800,6503,train
6801,6504,train
6802,6505,train
6803,6506,train
6804,6507,train
6805,6508,train
6806,6509,train
6807,6510,train
6808,6511,train
6809,6512,train
6810,6513,train
6811,6514,unknown
6812,6515,train
6813,6516,unknown
6814,6517,unknown
6815,6518,train
6816,6519,train
6817,6520,train
6818,6521,train
6819,6522,train
6820,6523,train
6821,6524,train
6822,6525,train
6823,6526,train
6824,6527,unknown
6825,6528,unknown
6826,6529,unknown
6827,6530,train
6828,6531,train
6829,6532,unknown
6830,6533,train
6831,6534,train
6832,6535,unknown
6833,6536,train
6834,6537,unknown
6835,6538,unknown
6836,6539,train
6837,6540,train
6838,6541,train
6839,6542,train
6840,6543,train
6841,6544,train
6842,6545,train
6843,6546,train
6844,6547,train
6845,6548,train
6846,6549,train
6847,6550,train
6848,6551,train
6849,6552,unknown
6850,6553,train
6851,6554,train
6852,6555,unknown
6853,6556,train
6854,6557,train
6855,6558,train
6856,6559,train
6857,6560,train
6858,6561,unknown
6859,6562,unknown
6860,6563,unknown
6861,6564,train
6862,6565,train
6863,6566,unknown
6864,6567,train
6865,6568,train
6866,6569,train
6867,6570,train
6868,6571,unknown
6869,6572,train
6870,6573,unknown
6871,6574,train
6872,6575,train
6873,6576,train
6874,6577,train
6875,6578,train
6876,6579,unknown
6877,6580,train
6878,6581,train
6879,6582,train
6880,6583,train
6881,6584,train
6882,6585,unknown
6883,6586,train
6884,6587,train
6885,6588,train
6886,6589,unknown
6887,6590,unknown
6888,6591,train
6889,6592,train
6890,6593,unknown
6891,6594,train
6892,6595,unknown
6893,6596,train
6894,6597,train
6895,6598,train
6896,6599,train
6897,6600,unknown
6898,6601,train
6899,6602,train
6900,6603,train
6901,6604,train
6902,6605,train
6903,6606,train
6904,6607,train
6905,6608,train
6906,6609,train
6907,6610,train
6908,6611,train
6909,6612,train
6910,6613,train
6911,6614,train
6912,6615,train
6913,6616,train
6914,6617,train
6915,6618,train
6916,6619,unknown
6917,6620,train
6918,6621,train
6919,6622,unknown
6920,6623,train
6921,6624,train
6922,6625,train
6923,6626,unknown
6924,6627,train
6925,6628,train
6926,6629,unknown
6927,6630,train
6928,6631,train
6929,6632,unknown
6930,6633,train
6931,6634,train
6932,6635,train
6933,6636,train
6934,6637,unknown
6935,6638,train
6936,6639,train
6937,6640,train
6938,6641,unknown
6939,6642,train
6940,6643,unknown
6941,6644,train
6942,6645,train
6943,6646,train
6944,6647,train
6945,6648,unknown
6946,6649,train
6947,6650,unknown
6948,6651,unknown
6949,6652,unknown
6950,6653,train
6951,6654,train
6952,6655,unknown
6953,6656,train
6954,6657,train
6955,6658,unknown
6956,6659,train
6957,6660,train
6958,6661,unknown
6959,6662,train
6960,6663,train
6961,6664,train
6962,6665,train
6963,6666,train
6964,6667,train
6965,6668,train
6966,6669,train
6967,6670,train
6968,6671,unknown
6969,6672,train
6970,6673,train
6971,6674,train
6972,6675,train
6973,6676,train
6974,6677,unknown
6975,6678,train
6976,6679,train
6977,6680,unknown
6978,6681,train
6979,6682,train
6980,6683,train
6981,6684,train
6982,6685,unknown
6983,6686,train
6984,6687,train
6985,6688,train
6986,6689,train
6987,6690,train
6988,6691,train
6989,6692,unknown
6990,6693,train
6991,6694,unknown
6992,6695,train
6993,6696,train
6994,6697,train
6995,6698,train
6996,6699,train
6997,6700,train
6998,6701,train
6999,6702,train
7000,6703,train
7001,6704,train
7002,6705,unknown
